ent,sex,eda,nac_mes,nac_anio,cs_p12,cs_p13_1,cs_p13_2,cs_p15,cs_p16,n_hij,e_con,zona,salario,clase2,rama,c_ocu11c,dur9c,rama_est2,dur_est,d_ant_lab,d_cexp_est,niv_ins,anios_esc,hrsocup,ingocup,ing_x_hrs,imssissste,scian,t_tra,emp_ppal,sec_ins,,
9,2,33,4,1990,1,7,1,3,2,2,5,2,7468,1,4,1,4,8,3,0,0,4,13,30,20000,155.03876,1,12,1,2,2,,
9,2,52,4,1971,1,6,3,2,1,2,5,2,7468,1,1,5,1,4,1,0,0,3,12,0,0,0,1,4,1,2,2,,32 variables
9,2,24,2,2000,1,7,5,3,1,0,6,2,7468,1,4,1,4,8,3,0,0,4,17,30,10000,77.51938,4,12,1,1,2,,1069 observaciones por variable
9,2,50,7,1973,1,6,3,2,1,2,5,2,7468,1,3,6,4,5,3,0,0,3,12,25,0,0,4,7,1,1,8,,0 es no aplica
9,2,28,1,1996,1,7,4,3,1,0,6,2,7468,2,0,0,0,0,0,1,2,4,16,0,0,0,0,0,1,0,0,,
9,2,63,10,1960,1,7,4,3,1,2,5,2,7468,1,4,1,3,8,3,0,0,4,16,24,0,0,4,12,1,2,4,,
9,2,31,2,1993,1,7,3,3,2,0,6,2,7468,1,4,4,3,8,3,0,0,4,15,24,0,0,1,14,1,2,2,,
9,2,29,5,1994,1,7,4,3,1,0,1,2,7468,1,4,1,7,9,5,0,0,4,16,54,12000,51.67959,1,16,1,2,7,,
9,2,34,11,1989,1,7,4,3,1,1,1,2,7468,1,4,6,1,8,1,0,0,4,16,0,25000,0,1,10,1,2,1,,
9,2,38,12,1985,1,6,3,2,1,2,1,2,7468,1,4,8,1,10,1,0,0,3,12,0,6450,0,4,19,1,1,9,,
9,2,35,9,1988,1,7,4,3,1,0,6,2,7468,1,3,6,8,5,5,0,0,4,16,70,0,0,4,7,1,1,4,,
9,2,50,99,1974,1,7,4,3,1,2,5,2,7468,1,3,6,6,5,4,0,0,4,16,42,0,0,4,6,1,2,4,,
9,2,32,10,1991,1,7,5,3,1,0,6,2,7468,1,4,6,6,7,4,0,0,4,17,40,0,0,4,8,1,1,8,,
9,2,42,5,1981,1,7,4,3,1,0,1,2,7468,1,4,1,6,8,4,0,0,4,16,40,16000,93.02326,1,14,1,2,2,,
9,2,46,7,1977,1,7,4,3,1,3,2,2,7468,1,4,1,7,9,5,0,0,4,16,50,0,0,2,15,1,2,7,,
9,2,52,2,1972,1,7,4,3,1,1,6,2,7468,1,4,1,7,8,5,0,0,4,16,54,0,0,1,12,1,2,4,,
9,2,31,9,1992,1,7,4,3,1,0,6,2,7468,1,4,1,6,8,4,0,0,4,16,40,0,0,1,12,1,2,2,,
9,2,32,9,1991,1,7,4,3,1,2,5,2,7468,1,4,2,2,9,2,0,0,4,16,14,11800,196.01329,2,15,2,2,7,,
9,2,28,7,1995,1,7,5,3,1,0,6,2,7468,1,4,1,6,9,4,0,0,4,17,40,8200,47.67442,1,15,1,2,6,,
9,2,53,9,1970,1,7,4,3,1,1,5,2,7468,1,4,4,6,9,4,0,0,4,16,40,18000,104.65116,2,15,1,2,7,,
9,2,52,10,1971,1,7,4,3,1,0,6,2,7468,1,4,1,2,9,2,0,0,4,16,2,860,100,4,16,1,1,8,,
9,2,32,2,1992,1,6,2,2,1,2,6,2,7468,1,4,5,4,6,3,0,0,3,11,25,0,0,4,18,1,1,8,,
9,2,22,8,2001,1,7,4,3,1,0,6,2,7468,1,4,8,3,6,3,0,0,4,16,16,4000,58.13953,4,18,1,1,4,,
9,2,30,1,1994,1,7,3,3,1,1,6,2,7468,1,4,4,8,11,5,0,0,4,15,60,14000,54.26357,2,20,1,2,5,,
9,2,46,6,1977,1,7,4,3,1,2,5,2,7468,1,4,1,4,9,3,0,0,4,16,25,15000,139.53488,4,16,1,2,4,,
9,2,56,5,1968,1,6,2,2,1,2,5,2,7468,1,4,8,8,10,5,0,0,3,11,60,0,0,1,19,1,2,9,,
9,2,62,3,1962,1,6,3,2,1,1,6,2,7468,1,4,4,5,11,4,0,0,3,12,35,0,0,2,20,1,2,5,,
9,2,46,8,1977,1,6,3,2,1,2,1,2,7468,1,4,4,6,11,4,0,0,3,12,40,0,0,1,20,1,2,5,,
9,2,24,11,1999,1,7,5,3,1,0,6,2,7468,1,4,4,4,8,3,0,0,4,17,32,0,0,1,12,1,2,2,,
9,2,35,11,1988,1,7,4,3,2,0,6,2,7468,1,4,4,6,7,4,0,0,4,16,40,0,0,1,8,1,2,2,,
9,2,50,4,1974,1,6,2,2,1,2,4,2,7468,1,4,8,6,11,4,0,0,3,11,40,9000,52.32558,2,20,1,2,5,,
9,2,23,7,2000,1,7,4,3,1,0,6,2,7468,1,4,2,3,9,3,0,0,4,16,24,0,0,1,15,1,2,6,,
9,2,35,99,1989,1,7,4,3,1,0,1,2,7468,1,4,8,6,10,4,0,0,4,16,40,0,0,1,19,1,2,2,,
9,2,60,5,1964,1,6,3,2,1,8,5,2,7468,1,4,4,3,11,3,0,0,3,12,24,0,0,2,20,1,2,5,,
9,2,24,10,1999,1,7,4,3,1,0,6,2,7468,1,4,1,4,8,3,0,0,4,16,25,0,0,1,12,1,2,2,,
9,2,34,7,1989,1,7,4,3,1,0,6,2,7468,1,4,1,7,11,5,0,0,4,16,50,0,0,2,20,1,2,5,,
9,2,40,3,1984,1,7,4,3,1,0,5,2,7468,1,4,1,7,8,5,0,0,4,16,49,13000,61.6991,1,13,1,2,2,,
9,2,59,11,1964,1,7,4,3,1,2,5,2,7468,1,3,6,8,5,5,0,0,4,16,60,5000,19.37984,4,7,1,1,8,,
9,2,53,5,1971,1,6,3,2,1,2,5,2,7468,1,4,1,3,8,3,0,0,3,12,20,4000,46.51163,4,12,1,1,8,,
9,2,27,9,1996,1,7,5,3,1,0,6,2,7468,1,4,1,1,8,1,0,0,4,17,0,35000,0,4,12,1,1,2,,
9,2,60,9,1963,1,6,3,2,1,4,2,2,7468,1,4,8,6,9,4,0,0,3,12,40,0,0,1,15,1,2,6,,
9,2,48,4,1976,1,6,3,2,1,2,5,2,7468,1,4,6,5,6,4,0,0,3,12,36,18060,116.66667,4,18,1,2,4,,
9,2,35,5,1989,1,7,4,3,1,1,1,2,7468,1,4,1,8,9,5,0,0,4,16,72,0,0,1,16,1,2,7,,
9,2,44,6,1979,1,7,5,3,1,0,6,2,7468,1,4,6,5,8,4,0,0,4,17,36,0,0,4,10,2,1,1,,
9,2,43,12,1980,1,7,4,3,1,2,2,2,7468,1,4,2,6,9,4,0,0,4,16,40,14000,81.39535,2,15,1,2,7,,
9,2,29,2,1995,1,7,4,3,1,0,6,2,7468,2,0,0,0,0,0,2,0,4,16,0,0,0,0,0,1,0,0,,
9,2,23,7,2000,1,7,2,3,2,0,6,2,7468,1,4,4,6,9,4,0,0,4,14,40,6000,34.88372,1,15,1,2,6,,
9,2,29,8,1994,1,6,3,2,1,0,6,2,7468,1,7,11,3,0,3,0,0,3,12,24,0,0,4,21,1,1,2,,
9,2,36,8,1987,1,7,3,3,1,1,5,2,7468,1,4,1,4,8,3,0,0,4,15,30,0,0,4,12,1,2,4,,
9,2,25,11,1998,1,7,4,3,1,0,6,2,7468,1,4,4,6,8,4,0,0,4,16,45,0,0,1,12,1,2,2,,
9,2,44,12,1979,1,7,5,3,1,0,1,2,7468,1,4,4,8,11,5,0,0,4,17,112,36000,74.75083,2,20,1,2,5,,
9,2,39,10,1984,1,7,4,3,1,2,5,2,7468,1,4,2,1,9,1,0,0,4,16,0,15000,0,2,15,1,2,7,,
9,2,20,5,2004,1,7,1,3,2,0,6,2,7468,1,3,6,2,5,2,0,0,4,13,14,0,0,4,7,1,1,8,,
9,2,49,1,1975,1,6,3,2,1,0,6,2,7468,1,4,4,6,9,4,0,0,3,12,40,8000,46.51163,1,15,1,2,6,,
9,2,27,1,1997,1,7,5,3,1,0,6,2,7468,1,3,1,6,5,4,0,0,4,17,42,8000,44.29679,4,7,1,1,2,,
9,2,47,2,1977,1,7,4,3,1,2,1,2,7468,1,4,2,1,9,1,0,0,4,16,0,10000,0,1,15,1,2,6,,
9,2,45,10,1978,1,7,4,3,1,0,6,2,7468,1,4,1,6,8,4,0,0,4,16,45,18000,93.02326,4,12,1,2,2,,
9,2,60,12,1963,1,6,1,2,2,2,5,2,7468,1,3,6,8,5,5,0,0,3,10,63,0,0,4,7,1,2,4,,
9,2,31,5,1993,1,7,4,3,1,0,1,2,7468,1,3,1,8,5,5,0,0,4,16,60,0,0,1,7,1,2,2,,
9,2,83,6,1940,1,6,1,2,2,1,6,2,7468,1,4,8,2,10,2,0,0,3,10,1,430,100,4,19,1,1,8,,
9,2,38,7,1985,1,7,1,3,2,3,1,2,7468,1,4,8,2,10,2,0,0,4,13,10,1720,40,4,19,1,1,9,,
9,2,30,2,1994,1,7,4,3,1,0,6,2,7468,1,3,4,6,5,4,0,0,4,16,48,0,0,1,7,1,2,2,,
9,2,57,2,1967,1,7,1,3,2,1,6,2,7468,1,3,6,8,5,5,0,0,4,13,60,6450,25,4,7,1,2,4,,
9,2,29,3,1995,1,7,4,3,1,0,6,2,7468,1,4,9,6,11,4,0,0,4,16,40,0,0,2,20,1,2,5,,
9,2,39,10,1984,1,7,5,3,1,0,1,2,7468,1,4,1,6,9,4,0,0,4,17,40,0,0,4,16,1,2,4,,
9,2,28,5,1996,1,7,4,3,1,0,6,2,7468,1,4,1,6,8,4,0,0,4,16,40,19200,111.62791,4,12,2,1,2,,
9,2,50,12,1973,1,7,4,3,1,0,6,2,7468,1,4,2,5,9,4,0,0,4,16,35,0,0,2,15,2,2,7,,
9,2,69,12,1954,1,7,4,3,1,1,2,2,7468,1,3,6,2,5,2,0,0,4,16,12,6450,125,4,7,1,1,8,,
9,2,65,1,1959,1,7,5,3,1,0,6,2,7468,1,4,1,2,9,2,0,0,4,17,10,0,0,4,16,1,2,4,,
9,2,30,4,1994,1,7,4,3,1,0,6,2,7468,1,4,5,8,6,5,0,0,4,16,60,0,0,1,18,1,2,2,,
9,2,33,7,1990,1,6,3,2,1,1,3,2,7468,1,3,4,8,5,5,0,0,3,12,67,0,0,4,7,1,1,2,,
9,2,19,5,2005,1,6,2,2,2,0,6,2,7468,1,7,1,2,0,2,0,0,3,11,9,2150,55.55556,4,21,1,1,11,,
9,2,25,5,1999,1,7,3,3,2,0,6,2,7468,1,3,6,8,5,5,0,0,4,15,63,6450,23.80952,4,7,1,1,8,,
9,2,39,3,1985,1,7,4,3,1,2,1,2,7468,2,0,0,0,0,0,1,1,4,16,0,0,0,0,0,1,0,0,,
9,2,34,11,1989,1,7,4,3,1,1,5,2,7468,1,4,2,5,9,4,0,0,4,16,36,12000,77.51938,2,15,1,2,7,,
9,2,59,5,1965,1,6,3,2,1,3,3,2,7468,1,3,6,4,5,3,0,0,3,12,28,0,0,4,7,1,1,8,,
9,2,49,1,1975,1,7,4,3,1,2,6,2,7468,1,4,6,8,8,5,0,0,4,16,60,0,0,4,11,1,1,8,,
9,2,37,3,1987,1,7,4,3,1,0,6,2,7468,1,3,1,6,5,4,0,0,4,16,45,0,0,4,7,1,1,2,,
9,2,31,12,1992,1,7,4,3,1,0,1,2,7468,1,4,1,7,9,5,0,0,4,16,50,8000,37.2093,4,15,1,1,6,,
9,2,22,10,2001,1,7,4,3,1,0,6,2,7468,1,4,4,6,11,4,0,0,4,16,45,0,0,2,20,1,2,5,,
9,2,31,5,1993,1,7,2,3,2,0,6,2,7468,1,4,8,8,10,5,0,0,4,14,63,0,0,4,19,1,1,9,,
9,2,47,11,1976,1,7,5,3,1,0,5,2,7468,1,4,3,6,6,4,0,0,4,17,48,50000,242.24806,4,18,1,2,4,,
9,2,49,7,1974,1,6,3,3,1,2,3,2,7468,1,4,4,6,11,4,0,0,4,15,40,10000,58.13953,2,20,1,2,5,,
15,2,46,1,1978,1,7,3,3,2,2,5,2,7468,1,4,1,4,10,3,0,0,4,15,31,0,0,1,19,1,2,2,,
15,2,57,6,1966,1,7,4,3,1,0,6,2,7468,1,4,8,3,10,3,0,0,4,16,24,0,0,4,19,1,1,9,,
15,2,49,12,1974,1,7,4,3,1,1,5,2,7468,1,4,2,4,9,3,0,0,4,16,30,12000,93.02326,2,15,1,2,7,,
15,2,26,6,1997,1,7,4,3,1,0,6,2,7468,1,4,2,4,9,3,0,0,4,16,30,12000,93.02326,2,15,1,2,7,,
15,2,28,6,1995,1,7,4,3,1,1,2,2,7468,1,4,1,6,9,4,0,0,4,16,40,17000,98.83721,2,16,1,2,7,,
15,2,51,2,1973,1,7,4,3,1,0,6,2,7468,1,4,4,7,8,5,0,0,4,16,51,0,0,1,14,1,2,2,,
15,2,22,11,2001,1,7,4,3,2,0,6,2,7468,1,4,1,6,8,4,0,0,4,16,40,13000,75.5814,1,12,1,2,6,,
15,2,42,11,1981,1,7,4,3,1,1,1,2,7468,1,4,1,6,7,4,0,0,4,16,45,0,0,1,8,1,2,2,,
15,2,42,11,1981,1,7,5,3,1,2,5,2,7468,1,3,6,3,5,3,0,0,4,17,16,0,0,4,7,1,1,8,,
15,2,32,10,1991,1,7,5,3,1,0,5,2,7468,1,3,6,4,5,3,0,0,4,17,30,0,0,4,7,1,1,4,,
15,2,48,8,1975,1,7,1,3,2,2,6,2,7468,1,4,1,6,9,4,0,0,4,13,40,10400,60.46512,1,16,1,2,2,,
15,2,41,3,1983,1,7,5,3,1,2,5,2,7468,1,4,1,6,9,4,0,0,4,17,40,0,0,1,16,1,2,7,,
15,2,30,8,1993,1,7,5,3,2,0,1,2,7468,1,4,8,3,6,3,0,0,4,17,24,5160,50,4,18,1,1,4,,
15,2,51,7,1972,1,7,4,3,1,2,5,2,7468,1,4,1,6,9,4,0,0,4,16,48,0,0,2,16,1,2,7,,
15,2,32,4,1992,1,7,4,3,1,0,1,2,7468,1,4,4,4,8,3,0,0,4,16,32,0,0,1,12,1,2,4,,
15,2,54,1,1970,1,6,3,2,1,3,5,2,7468,1,4,8,6,6,4,0,0,3,12,42,1290,7.14286,4,18,1,1,8,,
15,2,56,6,1967,1,6,3,2,1,0,6,2,7468,1,4,8,8,8,5,0,0,3,12,60,8600,33.33333,4,12,1,1,4,,
15,2,35,11,1988,1,7,4,3,1,1,5,2,7468,1,2,1,4,3,3,0,0,4,16,30,0,0,1,5,1,2,2,,
15,2,20,6,2003,1,7,1,3,2,0,6,2,7468,1,3,6,3,5,3,0,0,4,13,24,3225,31.25,4,7,2,1,8,,
15,2,29,9,1994,1,6,3,2,1,0,6,2,7468,1,2,1,7,3,5,0,0,3,12,50,10000,46.51163,1,5,1,2,2,,
15,2,37,99,1987,1,7,4,3,1,2,1,2,7468,1,4,2,5,9,4,0,0,4,16,35,0,0,2,15,1,2,7,,
15,2,24,7,1999,1,7,4,3,1,0,6,2,7468,1,7,4,3,0,3,0,0,4,16,20,6000,69.76744,4,21,2,1,11,,
15,2,24,1,2000,1,7,4,3,1,0,6,2,7468,1,4,1,6,11,4,0,0,4,16,40,20000,116.27907,2,20,1,2,5,,
15,2,41,8,1982,1,7,4,3,1,1,3,2,7468,1,4,3,3,8,3,0,0,4,16,18,0,0,4,11,1,2,2,,
15,2,48,3,1976,1,7,4,3,1,1,5,2,7468,1,4,4,6,7,4,0,0,4,16,40,0,0,1,9,1,2,2,,
15,2,36,11,1987,1,7,4,3,1,1,6,2,7468,1,4,6,7,8,5,0,0,4,16,55,0,0,1,10,1,2,1,,
15,2,49,9,1974,1,6,3,2,1,1,6,2,7468,1,4,4,6,8,4,0,0,3,12,40,0,0,1,10,1,2,1,,
15,2,52,99,1972,1,7,3,3,2,0,6,2,7468,1,3,6,7,5,5,0,0,4,15,50,0,0,1,7,1,2,2,,
15,2,28,5,1996,1,7,4,3,1,0,6,2,7468,1,2,5,6,3,4,0,0,4,16,48,0,0,4,5,1,1,4,,
15,2,54,10,1969,1,6,3,2,1,0,3,2,7468,1,4,1,5,9,4,0,0,3,12,36,19000,122.73902,2,16,1,2,7,,
15,2,39,3,1985,1,7,4,3,1,2,3,2,7468,1,5,4,6,2,4,0,0,4,16,40,0,0,2,3,1,2,7,,
15,2,30,10,1993,1,7,4,3,1,2,5,2,7468,1,4,1,6,10,4,0,0,4,16,45,0,0,1,19,1,2,2,,
15,2,31,11,1992,1,7,5,3,1,1,6,2,7468,1,2,5,6,3,4,0,0,4,17,45,0,0,1,5,1,2,2,,
15,2,32,3,1992,1,7,4,3,1,2,5,2,7468,1,3,6,8,5,5,0,0,4,16,63,0,0,4,7,1,1,8,,
15,2,40,1,1984,1,7,5,3,1,1,6,2,7468,1,2,4,7,3,5,0,0,4,17,50,10160,47.25581,1,5,1,2,2,,
15,2,30,2,1994,1,7,5,3,1,1,4,2,7468,1,4,4,7,10,5,0,0,4,17,50,12250,56.97674,1,19,1,2,2,,
15,2,38,1,1986,1,7,4,3,1,1,6,2,7468,1,4,1,7,11,5,0,0,4,16,50,0,0,1,20,1,2,5,,
15,2,21,7,2002,1,7,2,3,2,0,6,2,7468,1,4,4,1,10,1,0,0,4,14,0,0,0,4,17,1,1,2,,
14,2,46,1,1978,1,7,5,3,1,2,5,2,7468,1,4,1,3,9,3,0,0,4,17,24,17200,166.66667,4,16,1,2,4,,
14,2,49,8,1974,1,7,4,3,1,5,2,2,7468,1,4,1,6,9,4,0,0,4,16,40,14000,81.39535,1,16,1,2,7,,
14,2,36,12,1987,1,7,4,3,1,0,6,2,7468,1,4,6,6,8,4,0,0,4,16,40,0,0,1,12,1,2,2,,
14,2,46,1,1978,1,7,4,3,1,2,1,2,7468,1,4,7,6,7,4,0,0,4,16,48,0,0,4,8,1,2,4,,
14,2,55,99,1969,1,7,4,3,1,1,5,2,7468,1,4,2,2,6,2,0,0,4,16,4,4300,250,4,18,1,1,8,,
14,2,24,9,1999,1,7,1,3,2,1,5,2,7468,1,4,8,3,6,3,0,0,4,13,24,0,0,4,18,1,1,2,,
14,2,46,7,1977,1,7,5,3,1,4,6,2,7468,1,4,2,6,9,4,0,0,4,17,45,26000,134.36693,1,15,1,2,6,,
14,2,43,9,1980,1,7,5,3,1,2,5,2,7468,1,1,1,6,4,4,0,0,4,17,45,0,0,1,4,1,2,2,,
14,2,39,7,1984,1,7,4,3,1,0,6,2,7468,1,2,1,6,3,4,0,0,4,16,40,12000,69.76744,1,5,1,2,2,,
14,2,25,2,1999,1,7,5,3,1,0,6,2,7468,1,3,1,6,5,4,0,0,4,17,45,0,0,1,6,1,2,2,,
14,2,25,4,1999,1,7,5,3,1,0,6,2,7468,1,4,1,6,9,4,0,0,4,17,40,0,0,4,16,1,2,4,,
14,2,47,4,1977,1,7,5,3,1,0,6,2,7468,1,4,4,4,10,3,0,0,4,17,30,18060,140,4,19,1,1,4,,
14,2,29,8,1994,1,7,3,3,1,1,5,2,7468,1,4,1,3,8,3,0,0,4,15,20,0,0,4,14,1,2,4,,
14,2,33,10,1990,1,7,4,3,1,1,5,2,7468,1,4,1,4,9,3,0,0,4,16,32,0,0,1,16,1,2,7,,
14,2,27,1,1997,1,7,4,3,1,0,6,2,7468,1,4,1,4,8,3,0,0,4,16,30,12000,93.02326,4,12,1,1,8,,
14,2,23,3,2001,1,7,4,3,2,0,6,2,7468,2,0,0,0,0,0,1,2,4,16,0,0,0,0,0,1,0,0,,
14,2,24,5,1999,1,7,1,3,2,0,6,2,7468,1,4,2,2,10,2,0,0,4,13,12,0,0,4,17,1,1,8,,
14,2,44,11,1979,1,7,5,3,1,2,5,2,7468,1,4,1,6,9,4,0,0,4,17,40,0,0,1,16,1,2,7,,
14,2,26,9,1997,1,7,4,3,1,0,6,2,7468,1,4,1,6,9,4,0,0,4,16,40,9000,52.32558,1,15,1,2,7,,
14,2,25,6,1998,1,7,2,3,2,0,6,2,7468,1,4,8,6,10,4,0,0,4,14,48,12900,62.5,3,19,1,2,9,,
14,2,52,99,1972,1,6,2,2,1,0,6,2,7468,1,4,4,6,8,4,0,0,3,11,48,9460,45.83333,1,12,1,2,4,,
14,2,25,99,1999,1,7,2,3,2,0,6,2,7468,1,4,8,3,6,3,0,0,4,14,24,8600,83.33333,4,18,1,1,4,,
14,2,24,99,2000,1,7,2,3,2,0,6,2,7468,1,4,1,4,8,3,0,0,4,14,32,0,0,4,12,1,1,8,,
14,2,19,99,2005,1,7,2,3,2,0,6,2,7468,1,4,1,4,8,3,0,0,4,14,32,0,0,4,12,1,1,8,,
14,2,42,1,1982,1,7,5,3,1,2,1,2,7468,1,4,2,1,9,1,0,0,4,17,0,24000,0,2,15,2,2,7,,
14,2,21,8,2002,1,7,2,3,2,0,6,2,7468,1,4,8,3,10,3,0,0,4,14,15,6450,100,4,19,1,1,9,,
14,2,53,3,1971,1,7,4,3,1,1,5,2,7468,1,3,6,6,5,4,0,0,4,16,48,0,0,4,7,1,1,8,,
14,2,29,5,1995,1,7,4,3,1,0,6,2,7468,1,4,1,5,9,4,0,0,4,16,36,0,0,1,16,1,2,6,,
14,2,31,8,1992,1,7,4,3,1,0,1,2,7468,1,4,2,4,9,3,0,0,4,16,25,11000,102.32558,1,15,1,2,7,,
14,2,32,11,1991,1,7,5,3,1,2,5,2,7468,1,3,6,3,5,3,0,0,4,17,21,0,0,4,7,1,1,8,,
14,2,37,3,1987,1,6,4,3,1,2,5,2,7468,1,4,1,6,9,4,0,0,4,15,42,15000,83.05648,1,16,1,2,7,,
14,2,27,8,1996,1,7,5,3,1,0,6,2,7468,1,4,1,6,8,4,0,0,4,17,40,0,0,1,14,1,2,2,,
14,2,31,99,1993,1,6,3,2,1,2,5,2,7468,1,3,6,4,5,3,0,0,3,12,30,4300,33.33333,4,7,1,1,8,,
14,2,39,99,1985,1,7,4,3,1,2,5,2,7468,1,4,1,6,8,4,0,0,4,16,40,0,0,1,12,1,2,4,,
14,2,50,11,1973,1,6,3,2,1,2,6,2,7468,1,4,1,6,9,4,0,0,3,12,48,8000,38.75969,1,16,1,2,4,,
14,2,49,6,1974,1,7,4,3,1,0,6,2,7468,1,3,6,7,5,5,0,0,4,16,56,15050,62.5,4,7,1,2,4,,
14,2,25,8,1998,1,7,4,3,1,0,6,2,7468,1,3,6,6,5,4,0,0,4,16,48,0,0,1,7,1,2,4,,
14,2,24,99,2000,1,7,3,3,2,2,6,2,7468,1,4,2,1,9,1,0,0,4,15,0,0,0,4,15,1,1,7,,
14,2,49,99,1975,1,7,4,3,1,0,5,2,7468,1,4,1,9,8,6,0,0,4,16,0,0,0,1,12,1,2,2,,
14,2,23,2,2001,1,7,4,3,1,0,6,2,7468,1,2,1,6,3,4,0,0,4,16,45,14000,72.35142,1,5,1,2,2,,
19,2,50,10,1973,1,6,3,2,1,2,5,2,7468,1,4,8,6,6,4,0,0,3,12,42,12900,71.42857,4,18,1,1,8,,
19,2,53,11,1970,1,6,2,2,1,3,1,2,7468,1,4,5,2,10,2,0,0,3,11,12,1290,25,4,19,1,1,8,,
19,2,32,12,1991,1,7,3,3,1,0,3,2,7468,1,4,2,1,9,1,0,0,4,15,0,20000,0,2,15,2,2,7,,
19,2,20,3,2004,1,7,1,3,2,0,6,2,7468,1,4,5,4,10,3,0,0,4,13,30,4300,33.33333,4,17,1,1,8,,
19,2,23,6,2000,1,7,5,3,1,0,6,2,7468,1,4,2,5,9,4,0,0,4,17,35,11200,74.4186,3,15,1,2,7,,
19,2,63,7,1960,1,5,3,2,1,3,5,2,7468,1,4,2,6,9,4,0,0,3,12,40,0,0,3,15,1,2,7,,
19,2,39,7,1984,1,7,5,3,1,0,6,2,7468,1,4,4,6,8,4,0,0,4,17,40,0,0,1,11,1,2,2,,
19,2,59,7,1964,1,7,3,3,2,2,5,2,7468,1,2,6,6,3,4,0,0,4,15,40,10750,62.5,4,5,1,1,4,,
19,2,29,1,1995,1,7,4,3,1,1,2,2,7468,1,4,1,6,9,4,0,0,4,16,48,9000,43.60465,1,16,1,2,4,,
19,2,54,5,1969,1,5,4,2,1,2,5,2,7468,1,4,1,6,10,4,0,0,3,13,40,8000,46.51163,4,19,1,1,7,,
19,2,58,2,1966,1,7,1,3,2,3,5,2,7468,1,3,6,2,5,2,0,0,4,13,8,2150,62.5,4,7,1,1,8,,
19,2,57,1,1967,1,7,4,3,1,2,5,2,7468,1,4,2,4,9,3,0,0,4,16,30,20000,155.03876,2,15,1,2,7,,
19,2,43,1,1981,1,6,2,2,1,0,6,2,7468,1,3,6,6,5,4,0,0,3,11,48,4300,20.83333,1,6,1,2,2,,
19,2,39,9,1984,1,6,2,2,1,2,5,2,7468,1,3,6,3,5,3,0,0,3,11,21,5160,57.14286,4,7,1,1,8,,
19,2,59,6,1965,1,7,4,3,1,2,3,2,7468,1,4,4,6,11,4,0,0,4,16,40,0,0,3,20,1,2,5,,
19,2,44,5,1979,1,7,5,3,1,0,5,2,7468,1,4,1,6,8,4,0,0,4,17,40,20000,116.27907,1,10,1,2,1,,
19,2,33,6,1990,1,7,5,3,1,0,6,2,7468,1,4,1,3,8,3,0,0,4,17,24,13000,125.96899,1,10,1,2,1,,
19,2,51,10,1972,1,7,5,3,1,1,5,2,7468,1,4,1,6,9,4,0,0,4,17,40,12000,69.76744,4,16,1,1,8,,
19,2,37,2,1987,1,7,4,3,1,2,5,2,7468,2,0,0,0,0,0,1,2,4,16,0,0,0,0,0,1,0,0,,
19,2,34,8,1989,1,6,3,2,1,0,6,2,7468,1,4,1,6,8,4,0,0,3,12,48,12000,58.13953,4,12,1,1,4,,
19,2,37,10,1986,1,7,4,3,1,0,6,2,7468,1,4,4,6,8,4,0,0,4,16,45,0,0,1,12,1,2,2,,
19,2,56,6,1967,1,7,4,3,1,0,6,2,7468,1,3,1,6,5,4,0,0,4,16,40,0,0,1,6,1,2,2,,
19,2,51,5,1973,1,7,4,3,1,2,5,2,7468,1,4,1,6,9,4,0,0,4,16,45,6000,31.00775,1,16,1,2,4,,
19,2,28,10,1995,1,7,4,3,1,0,6,2,7468,1,4,2,4,9,3,0,0,4,16,30,15000,116.27907,1,15,1,2,6,,
19,2,50,3,1974,1,7,5,3,1,0,6,2,7468,1,4,6,2,8,2,0,0,4,17,4,0,0,4,11,1,1,8,,
19,2,34,5,1989,1,7,1,3,2,2,5,2,7468,1,3,6,2,5,2,0,0,4,13,3,1290,100,4,7,1,1,8,,
19,2,32,7,1991,1,6,3,2,1,0,6,2,7468,1,4,4,6,7,4,0,0,3,12,44,10125,53.5148,1,8,1,2,2,,
19,2,47,5,1977,1,6,3,2,1,3,5,2,7468,1,2,5,6,3,4,0,0,3,12,48,12384,60,1,5,1,2,2,,
19,2,40,99,1984,1,6,3,2,1,2,5,2,7468,1,4,4,6,9,4,0,0,3,12,48,16000,77.51938,1,16,1,2,6,,
19,2,32,99,1992,1,7,5,3,1,0,6,2,7468,1,4,1,6,9,4,0,0,4,17,40,0,0,4,16,1,2,4,,
19,2,33,5,1991,1,7,6,3,1,0,1,2,7468,1,4,1,4,9,3,0,0,4,18,30,16000,124.03101,3,16,1,2,7,,
19,2,50,5,1974,1,7,4,3,1,3,4,2,7468,1,4,3,6,6,4,0,0,4,16,40,12900,75,4,18,1,1,4,,
19,2,32,7,1991,1,7,5,3,1,1,5,2,7468,1,4,2,5,9,4,0,0,4,17,35,14000,93.02326,1,15,1,2,6,,
19,2,30,11,1993,1,7,4,3,1,2,5,2,7468,1,4,1,6,9,4,0,0,4,16,40,10000,58.13953,1,16,1,2,7,,
19,2,44,3,1980,1,7,5,3,1,2,5,2,7468,1,2,5,4,3,3,0,0,4,17,30,1290,10,4,5,1,1,8,,
19,2,31,8,1992,1,7,5,3,1,1,6,2,7468,1,4,1,6,8,4,0,0,4,17,40,50000,290.69767,4,12,1,1,2,,
19,2,39,2,1985,1,7,4,3,1,1,5,2,7468,1,2,3,4,3,3,0,0,4,16,30,0,0,1,5,1,2,4,,
19,2,34,6,1989,1,7,5,3,1,0,6,2,7468,1,4,1,6,11,4,0,0,4,17,40,14000,81.39535,3,20,1,2,5,,
19,2,29,7,1994,1,7,5,3,1,0,1,2,7468,1,4,3,7,10,5,0,0,4,17,51,10000,45.59964,4,19,1,1,6,,
19,2,39,8,1984,1,6,3,2,1,2,1,2,7468,1,4,4,4,9,3,0,0,3,12,30,16000,124.03101,2,15,1,2,7,,
19,2,22,3,2002,1,7,2,3,2,1,6,2,7468,1,4,4,2,8,2,0,0,4,14,12,4000,77.51938,4,12,1,1,4,,
19,2,22,5,2002,1,7,1,3,2,0,6,2,7468,1,3,4,6,5,4,0,0,4,13,48,8600,41.66667,1,7,1,2,2,,
19,2,21,4,2003,1,7,3,3,2,0,6,2,7468,1,4,1,2,8,2,0,0,4,15,9,3010,77.77778,4,12,1,1,4,,
19,2,44,8,1979,1,7,5,3,1,3,3,2,7468,1,4,8,6,10,4,0,0,4,17,48,0,0,4,19,1,1,8,,
19,2,37,5,1987,1,6,3,2,1,0,6,2,7468,1,4,4,9,8,6,0,0,3,12,0,0,0,4,14,1,1,8,,
19,2,24,2,2000,1,7,2,3,2,0,6,2,7468,1,4,4,6,8,4,0,0,4,14,46,0,0,1,10,1,2,1,,
19,2,41,5,1983,1,7,5,3,1,3,5,2,7468,1,4,4,5,6,4,0,0,4,17,36,0,0,4,18,1,1,8,,
19,2,21,1,2003,1,7,1,3,2,0,6,2,7468,1,4,4,4,10,3,0,0,4,13,30,0,0,4,19,1,1,6,,
19,2,21,7,2002,1,7,1,3,2,0,6,2,7468,2,0,0,0,0,0,1,2,4,13,0,0,0,0,0,1,0,0,,
19,2,47,3,1977,1,7,5,3,1,0,2,2,7468,1,4,3,7,9,5,0,0,4,17,50,22500,104.65116,1,16,1,2,6,,
19,2,53,5,1971,1,6,2,2,1,3,5,2,7468,1,3,6,6,5,4,0,0,3,11,40,0,0,1,7,1,2,2,,
19,2,25,2,1999,1,6,3,2,1,0,6,2,7468,1,3,6,6,5,4,0,0,3,12,48,5461,26.45833,1,7,1,2,2,,
19,2,47,5,1977,1,7,4,3,1,3,5,2,7468,1,2,4,7,3,5,0,0,4,16,50,0,0,1,5,1,2,2,,
19,2,64,3,1960,1,7,5,3,1,4,3,2,7468,1,4,2,5,9,4,0,0,4,17,35,19000,126.24585,3,15,1,2,7,,
19,2,36,8,1987,1,7,4,3,1,1,3,2,7468,1,3,6,4,5,3,0,0,4,16,28,0,0,4,7,1,2,4,,
19,2,31,4,1993,1,7,5,3,1,0,6,2,7468,1,4,4,6,9,4,0,0,4,17,45,0,0,1,15,1,2,7,,
19,2,31,11,1992,1,7,5,3,1,0,6,2,7468,1,4,4,6,8,4,0,0,4,17,40,12000,69.76744,1,10,1,2,1,,
19,2,23,11,2000,1,7,2,3,2,0,6,2,7468,1,4,1,4,8,3,0,0,4,14,30,5160,40,1,10,2,2,1,,
19,2,29,7,1994,1,7,1,3,2,0,6,2,7468,1,4,8,7,6,5,0,0,4,13,54,8000,34.45306,1,18,1,2,2,,
21,2,61,2,1963,1,7,5,3,1,1,6,2,7468,1,4,1,6,8,4,0,0,4,17,48,8600,41.66667,1,12,1,2,2,,
21,2,40,9,1983,1,7,4,3,1,0,6,2,7468,1,4,4,6,11,4,0,0,4,16,40,12000,69.76744,2,20,1,2,5,,
21,2,63,11,1960,1,6,3,2,1,2,4,2,7468,1,2,5,6,3,4,0,0,3,12,48,5000,24.22481,1,5,1,2,2,,
21,2,35,5,1988,1,7,4,3,1,1,2,2,7468,1,4,2,1,9,1,0,0,4,16,0,12000,0,2,15,1,2,7,,
21,2,52,10,1971,1,7,5,3,1,0,6,2,7468,1,3,3,6,5,4,0,0,4,17,40,26000,151.16279,1,6,1,2,2,,
21,2,24,8,1999,1,7,1,3,2,0,6,2,7468,1,4,8,4,6,3,0,0,4,13,33,5600,39.46441,4,18,1,1,2,,
21,2,46,3,1978,1,7,5,3,1,0,5,2,7468,1,6,10,3,1,3,0,0,4,17,24,30000,290.69767,4,1,1,1,3,,
21,2,31,99,1993,1,7,4,3,1,2,1,2,7468,1,3,4,7,5,5,0,0,4,16,54,8000,34.45306,1,7,1,2,4,,
21,2,39,12,1984,1,7,5,3,1,2,2,2,7468,1,3,6,2,5,2,0,0,4,17,5,5000,232.55814,4,7,1,1,8,,
21,2,27,99,1997,1,7,5,3,1,0,6,2,7468,1,4,1,6,7,4,0,0,4,17,48,12000,58.13953,1,9,1,2,2,,
21,2,37,1,1987,1,7,4,3,1,0,6,2,7468,2,0,0,0,0,0,1,4,4,16,0,0,0,0,0,1,0,0,,
21,2,25,4,1999,1,7,2,3,2,1,6,2,7468,1,2,5,3,3,3,0,0,4,14,20,3010,35,4,5,1,1,8,,
21,2,26,11,1997,1,7,3,3,1,0,6,2,7468,1,2,5,6,3,4,0,0,4,15,48,6880,33.33333,1,5,1,2,2,,
21,2,33,3,1991,1,7,5,3,1,2,1,2,7468,1,4,8,4,10,3,0,0,4,17,30,5590,43.33333,4,19,1,1,4,,
21,2,33,4,1991,1,7,5,3,1,1,5,2,7468,1,2,5,5,3,4,0,0,4,17,36,3440,22.22222,4,5,1,1,8,,
21,2,25,1,1999,1,7,4,3,2,0,1,2,7468,1,4,1,3,9,3,0,0,4,16,16,1720,25,4,16,1,1,4,,
21,2,63,10,1960,1,6,3,2,1,3,4,2,7468,1,4,1,3,9,3,0,0,3,12,20,12000,139.53488,1,15,1,2,7,,
21,2,30,8,1993,1,6,3,3,1,0,6,2,7468,1,2,5,6,3,4,0,0,4,15,40,0,0,1,5,1,2,2,,
21,2,51,8,1972,1,7,5,3,1,2,6,2,7468,1,3,6,7,5,5,0,0,4,17,54,6880,29.62963,1,7,1,2,4,,
21,2,27,2,1997,1,7,5,3,1,2,6,2,7468,1,4,2,3,9,3,0,0,4,17,20,0,0,2,15,1,2,7,,
21,2,27,12,1996,1,7,2,3,2,2,1,2,7468,1,3,6,3,5,3,0,0,4,14,20,12900,150,4,7,1,1,8,,
21,2,26,8,1997,1,6,1,2,1,0,6,2,7468,1,4,8,4,10,3,0,0,3,10,25,0,0,4,19,1,1,4,,
21,2,31,11,1992,1,7,5,3,1,1,6,2,7468,1,4,1,6,9,4,0,0,4,17,48,13600,65.89147,1,16,1,2,6,,
21,2,77,7,1946,1,7,5,3,1,2,5,2,7468,1,4,1,2,8,2,0,0,4,17,8,12000,348.83721,4,12,1,2,4,,
21,2,26,10,1997,1,7,5,3,1,0,1,2,7468,1,3,6,3,5,3,0,0,4,17,19,8000,97.91922,4,7,1,1,8,,
21,2,39,11,1984,1,7,5,3,1,2,3,2,7468,1,4,2,3,9,3,0,0,4,17,24,0,0,2,15,1,2,7,,
21,2,25,8,1998,1,7,5,3,1,0,6,2,7468,1,4,1,6,8,4,0,0,4,17,45,16000,82.68734,1,12,1,2,2,,
21,2,27,9,1996,1,7,5,3,1,1,2,2,7468,1,2,6,6,3,4,0,0,4,17,42,5590,30.95238,4,5,1,1,8,,
21,2,25,1,1999,1,7,3,3,2,1,1,2,7468,1,3,6,4,5,3,0,0,4,15,32,0,0,4,7,1,1,8,,
21,2,51,9,1972,1,7,4,3,1,3,5,2,7468,1,4,2,4,9,3,0,0,4,16,30,0,0,1,15,1,2,6,,
21,2,59,5,1965,1,6,2,2,2,0,5,2,7468,1,3,6,7,5,5,0,0,3,11,54,7000,30.14643,1,7,1,2,4,,
21,2,29,8,1994,1,7,1,3,2,2,1,2,7468,1,3,4,6,5,4,0,0,4,13,48,0,0,1,6,1,2,2,,
21,2,20,8,2003,1,7,1,3,2,0,6,2,7468,1,2,5,6,3,4,0,0,4,13,41,3440,19.5122,4,5,1,1,8,,
21,2,54,99,1970,1,7,5,3,1,2,5,2,7468,1,4,2,6,9,4,0,0,4,17,40,0,0,1,15,1,2,6,,
21,2,65,5,1959,1,6,3,2,1,3,5,2,7468,1,2,5,4,3,3,0,0,3,12,26,0,0,4,5,1,1,4,,
21,2,45,7,1978,1,7,5,3,1,1,1,2,7468,1,4,8,6,10,4,0,0,4,17,48,7740,37.5,4,19,1,1,9,,
21,2,37,6,1987,1,7,5,3,1,3,2,2,7468,1,4,1,6,9,4,0,0,4,17,40,16000,93.02326,1,16,1,2,7,,
21,2,55,9,1968,1,7,5,3,1,0,6,2,7468,1,4,1,5,9,4,0,0,4,17,35,0,0,1,16,1,2,2,,
21,2,46,99,1978,1,7,5,3,1,1,5,2,7468,1,4,1,6,8,4,0,0,4,17,40,0,0,1,12,1,2,4,,
21,2,35,1,1989,1,7,3,3,2,3,5,2,7468,1,2,5,5,3,4,0,0,4,15,36,7095,45.83333,4,5,1,1,8,,
11,2,38,8,1985,1,7,5,3,1,1,2,2,7468,1,4,1,3,11,3,0,0,4,17,24,0,0,2,20,1,2,5,,
11,2,43,8,1980,1,7,4,3,1,3,5,2,7468,1,4,2,1,9,1,0,0,4,16,0,0,0,2,15,1,2,7,,
11,2,38,6,1985,1,6,3,1,1,4,5,2,7468,1,4,5,1,6,1,0,0,2,9,0,0,0,4,18,1,1,8,,
11,2,29,8,1994,1,7,1,3,2,0,6,2,7468,1,2,4,7,3,5,0,0,4,13,50,8600,40,1,5,1,2,2,,
11,2,54,99,1970,1,7,4,3,1,3,5,2,7468,1,2,1,5,3,4,0,0,4,16,37,0,0,5,5,1,1,2,,
11,2,50,2,1974,1,6,2,3,1,3,5,2,7468,1,4,2,6,9,4,0,0,4,14,40,0,0,4,15,1,1,6,,
11,2,55,4,1969,1,7,4,3,1,0,6,2,7468,1,3,6,5,5,4,0,0,4,16,35,6450,42.85714,4,7,1,1,4,,
11,2,33,99,1991,1,6,4,3,1,1,5,2,7468,1,4,1,6,9,4,0,0,4,15,48,0,0,1,16,1,2,7,,
11,2,30,1,1994,1,7,5,3,1,0,6,2,7468,1,4,1,5,9,4,0,0,4,17,36,10000,64.59948,1,16,1,2,7,,
11,2,29,12,1994,1,7,4,3,1,2,1,2,7468,1,4,1,5,9,4,0,0,4,16,36,0,0,1,16,1,2,6,,
11,2,43,11,1980,1,7,4,3,1,3,5,2,7468,1,2,6,7,3,5,0,0,4,16,51,5590,25.4902,4,5,1,1,8,,
11,2,22,6,2001,1,7,2,3,2,1,6,2,7468,1,4,8,3,10,3,0,0,4,14,15,3440,53.33333,4,19,1,1,9,,
11,2,29,99,1995,1,7,4,3,1,0,6,2,7468,1,4,5,3,6,3,0,0,4,16,24,0,0,4,18,1,1,8,,
11,2,51,1,1973,1,7,4,3,1,2,5,2,7468,1,2,5,7,3,5,0,0,4,16,50,0,0,4,5,1,1,8,,
11,2,30,1,1994,1,7,4,3,1,0,1,2,7468,1,3,1,5,5,4,0,0,4,16,36,0,0,1,6,1,2,2,,
11,2,24,7,1999,1,7,4,3,1,0,6,2,7468,1,3,4,6,5,4,0,0,4,16,48,0,0,1,7,1,2,2,,
11,2,33,3,1991,1,7,6,3,1,0,6,2,7468,1,4,1,8,9,5,0,0,4,18,60,16000,62.0155,1,16,1,2,2,,
11,2,33,99,1991,1,7,4,3,1,0,6,2,7468,1,4,1,6,10,4,0,0,4,16,40,0,0,1,19,1,2,6,,
11,2,27,9,1996,1,7,5,3,1,0,6,2,7468,1,1,5,6,4,4,0,0,4,17,40,0,0,5,4,1,1,2,,
11,2,33,5,1991,1,7,4,3,1,0,5,2,7468,1,4,2,3,9,3,0,0,4,16,24,13000,125.96899,2,15,1,2,7,,
11,2,25,99,1999,1,7,3,3,1,0,6,2,7468,1,4,4,6,9,4,0,0,4,15,45,0,0,4,16,1,1,4,,
11,2,45,99,1979,1,7,4,3,1,2,5,2,7468,1,3,6,7,5,5,0,0,4,16,55,0,0,4,6,1,2,4,,
11,2,29,7,1994,1,7,5,3,1,0,6,2,7468,1,4,1,5,9,4,0,0,4,17,36,7000,45.21964,1,16,1,2,7,,
11,2,51,2,1973,1,6,3,2,1,2,5,2,7468,1,4,8,2,6,2,0,0,3,12,12,0,0,4,18,1,1,4,,
11,2,41,10,1982,1,7,4,3,1,0,6,2,7468,1,2,1,7,3,5,0,0,4,16,50,17200,80,1,5,1,2,2,,
11,2,28,1,1996,1,7,4,3,1,0,6,2,7468,1,4,1,6,8,4,0,0,4,16,40,8000,46.51163,4,12,2,2,4,,
11,2,53,4,1971,1,6,3,2,1,4,5,2,7468,1,2,3,5,3,4,0,0,3,12,39,35000,208.70602,4,5,1,2,2,,
11,2,56,3,1968,1,6,3,2,1,4,5,2,7468,1,4,8,4,9,3,0,0,3,12,25,8400,78.13953,5,15,1,1,7,,
11,2,33,4,1991,1,7,4,3,1,0,6,2,7468,1,4,1,6,11,4,0,0,4,16,40,0,0,2,20,1,2,5,,
11,2,26,2,1998,1,7,4,3,1,0,6,2,7468,1,4,1,6,9,4,0,0,4,16,45,12000,62.0155,1,16,1,2,6,,
11,2,30,11,1993,1,7,4,3,1,1,5,2,7468,1,2,1,7,3,5,0,0,4,16,52,9460,42.30769,1,5,1,2,2,,
11,2,25,11,1998,1,7,4,3,1,0,6,2,7468,1,4,5,6,7,4,0,0,4,16,45,12000,62.0155,1,9,1,2,2,,
11,2,30,4,1994,1,6,2,3,1,0,6,2,7468,1,4,1,1,8,1,0,0,4,14,0,0,0,1,14,1,2,2,,
11,2,28,7,1995,1,7,4,3,1,0,5,2,7468,1,4,4,7,8,5,0,0,4,16,50,25000,116.27907,1,12,1,2,4,,
11,2,40,2,1984,1,7,4,3,1,3,5,2,7468,1,5,6,7,2,5,0,0,4,16,51,12000,54.71956,4,3,1,1,2,,
5,2,29,7,1994,1,7,4,3,1,1,3,2,7468,1,4,9,6,11,4,0,0,4,16,48,10000,48.44961,2,20,1,2,5,,
5,2,28,1,1996,1,6,3,2,1,0,1,2,7468,1,2,1,6,3,4,0,0,3,12,40,0,0,1,5,1,2,2,,
5,2,48,7,1975,1,7,5,3,1,3,5,2,7468,1,4,1,6,10,4,0,0,4,17,45,64500,333.33333,1,19,1,2,2,,
5,2,47,2,1977,1,6,3,2,1,4,5,2,7468,1,3,6,2,5,2,0,0,3,12,6,1290,50,4,7,1,1,8,,
5,2,25,11,1998,1,7,4,3,1,2,1,2,7468,1,2,1,6,3,4,0,0,4,16,42,9890,54.7619,1,5,1,2,2,,
5,2,25,8,1998,1,7,4,3,2,0,6,2,7468,1,2,3,7,3,5,0,0,4,16,50,20000,93.02326,1,5,1,2,2,,
5,2,24,10,1999,1,7,4,3,2,0,6,2,7468,1,2,1,6,3,4,0,0,4,16,45,21000,108.52713,1,5,1,2,2,,
5,2,27,3,1997,1,7,4,3,1,0,5,2,7468,1,4,2,4,9,3,0,0,4,16,30,14000,108.52713,4,15,1,2,4,,
5,2,32,8,1991,1,7,5,3,1,3,5,2,7468,1,3,6,2,5,2,0,0,4,17,6,800,31.00775,4,7,1,1,8,,
5,2,23,9,2000,1,7,5,3,1,0,6,2,7468,1,4,1,6,8,4,0,0,4,17,48,4300,20.83333,1,12,1,2,4,,
5,2,41,1,1983,1,7,5,3,1,0,6,2,7468,1,4,1,6,8,4,0,0,4,17,48,33540,162.5,1,14,1,2,2,,
5,2,29,11,1994,1,7,4,3,1,1,1,2,7468,1,4,2,3,9,3,0,0,4,16,16,5000,72.67442,2,15,1,2,7,,
5,2,30,4,1994,1,7,4,3,1,1,5,2,7468,1,4,1,6,8,4,0,0,4,16,40,15050,87.5,1,12,2,2,2,,
5,2,54,5,1970,1,6,4,2,1,1,5,2,7468,1,7,4,6,0,4,0,0,3,13,40,8600,50,4,21,1,1,11,,
5,2,51,4,1973,1,7,5,3,1,2,4,2,7468,1,3,3,6,5,4,0,0,4,17,45,0,0,1,7,1,2,4,,
5,2,28,5,1996,1,7,5,3,1,1,6,2,7468,1,4,1,6,9,4,0,0,4,17,40,0,0,4,16,1,1,2,,
5,2,26,5,1997,1,7,1,3,2,1,6,2,7468,1,4,2,6,9,4,0,0,4,13,40,0,0,1,15,1,2,6,,
5,2,45,6,1979,1,7,4,3,1,2,2,2,7468,1,4,1,6,7,4,0,0,4,16,45,7740,40,1,8,1,2,4,,
5,2,38,99,1986,1,7,3,3,1,3,3,2,7468,1,3,1,6,5,4,0,0,4,15,48,8000,38.75969,1,7,1,2,2,,
5,2,70,12,1953,1,7,4,3,1,2,5,2,7468,1,4,1,5,11,4,0,0,4,16,35,25000,166.11296,2,20,2,2,5,,
5,2,27,2,1997,1,7,5,3,1,0,6,2,7468,1,4,1,6,8,4,0,0,4,17,40,10750,62.5,1,12,1,2,2,,
5,2,54,3,1970,1,6,3,2,1,2,5,2,7468,1,4,4,6,9,4,0,0,3,12,40,0,0,2,16,1,2,7,,
5,2,60,4,1964,1,7,5,3,1,2,4,2,7468,1,3,4,6,5,4,0,0,4,17,46,6000,30.33367,1,7,1,2,2,,
5,2,31,12,1992,1,7,5,3,1,2,5,2,7468,1,4,2,1,9,1,0,0,4,17,0,11000,0,3,15,1,2,7,,
5,2,27,5,1996,1,7,3,3,1,0,5,2,7468,1,2,5,8,3,5,0,0,4,15,59,9460,37.28814,1,5,1,2,2,,
5,2,21,7,2002,1,7,2,3,2,0,6,2,7468,1,4,4,3,8,3,0,0,4,14,20,0,0,4,11,1,1,4,,
5,2,57,1,1967,1,7,5,3,1,2,5,2,7468,1,4,8,4,10,3,0,0,4,17,30,7009,54.33333,4,19,1,1,2,,
5,2,28,7,1995,1,7,5,3,1,1,6,2,7468,1,4,4,4,6,3,0,0,4,17,30,9460,73.33333,1,18,2,2,2,,
5,2,42,6,1981,1,7,4,3,1,3,1,2,7468,1,4,4,6,11,4,0,0,4,16,40,14000,81.39535,2,20,1,2,5,,
5,2,53,10,1970,1,7,5,3,1,0,5,2,7468,1,4,2,3,9,3,0,0,4,17,24,14000,135.65891,2,15,1,2,7,,
5,2,56,10,1967,1,7,5,3,1,2,5,2,7468,1,3,6,2,5,2,0,0,4,17,12,3000,58.13953,4,7,1,1,8,,
5,2,30,10,1993,1,7,4,3,1,0,6,2,7468,1,2,1,6,3,4,0,0,4,16,45,15000,77.51938,1,5,1,2,2,,
5,2,48,12,1975,1,7,5,3,1,2,5,2,7468,1,3,4,6,5,4,0,0,4,17,45,7000,36.17571,1,7,1,2,2,,
5,2,36,8,1987,1,7,5,3,1,1,6,2,7468,1,4,1,6,6,4,0,0,4,17,48,0,0,1,18,1,2,2,,
5,2,21,12,2002,1,7,2,3,2,0,6,2,7468,1,4,1,4,8,3,0,0,4,14,30,0,0,4,14,1,1,2,,
10,2,48,10,1975,1,6,2,2,1,3,5,2,7468,1,4,5,6,6,4,0,0,3,11,48,5160,25,4,18,1,1,4,,
10,2,50,11,1973,1,7,5,3,1,2,5,2,7468,1,4,1,6,9,4,0,0,4,17,48,0,0,1,16,1,2,7,,
10,2,54,4,1970,1,6,3,2,1,2,5,2,7468,1,4,4,4,11,3,0,0,3,12,30,0,0,2,20,1,2,5,,
10,2,61,6,1963,1,6,2,3,1,3,3,2,7468,1,4,4,3,9,3,0,0,4,14,20,0,0,4,15,1,1,4,,
10,2,29,1,1995,1,7,4,3,1,0,6,2,7468,1,4,4,6,11,4,0,0,4,16,40,8000,46.51163,2,20,1,2,5,,
10,2,53,3,1971,1,7,4,3,1,4,2,2,7468,1,4,2,4,9,3,0,0,4,16,25,11400,106.04651,2,15,1,2,7,,
10,2,27,11,1996,1,7,3,3,2,0,6,2,7468,2,0,0,0,0,0,2,0,4,15,0,0,0,0,0,1,0,0,,
10,2,35,8,1988,1,6,3,2,1,0,2,2,7468,1,3,4,3,5,3,0,0,3,12,24,0,0,4,6,1,1,4,,
10,2,37,12,1986,1,7,5,3,1,1,5,2,7468,1,4,8,6,10,4,0,0,4,17,40,5590,32.5,4,19,1,1,4,,
10,2,36,6,1987,1,7,5,3,1,1,5,2,7468,1,4,2,4,9,3,0,0,4,17,30,10000,77.51938,2,15,1,2,7,,
10,2,61,7,1962,1,7,5,3,1,4,6,2,7468,1,4,5,6,6,4,0,0,4,17,48,10750,52.08333,1,18,1,2,4,,
10,2,68,3,1956,1,6,2,2,1,0,6,2,7468,1,4,8,6,10,4,0,0,3,11,40,0,0,4,19,1,1,9,,
10,2,21,6,2002,1,7,1,3,2,0,6,2,7468,1,4,8,6,6,4,0,0,4,13,42,8600,47.61905,4,18,1,1,2,,
10,2,55,8,1968,1,6,2,2,1,1,6,2,7468,1,4,4,6,9,4,0,0,3,11,48,0,0,1,16,1,2,6,,
10,2,30,3,1994,1,7,5,3,1,1,5,2,7468,1,4,2,3,9,3,0,0,4,17,18,11200,144.70284,2,15,1,2,7,,
10,2,28,6,1995,1,7,4,3,1,2,5,2,7468,1,2,1,5,3,4,0,0,4,16,36,12900,83.33333,1,5,1,2,2,,
10,2,43,8,1980,1,7,5,3,1,2,5,2,7468,1,4,8,6,9,4,0,0,4,17,40,7000,40.69767,1,16,1,2,7,,
24,2,22,1,2002,1,7,5,3,1,1,5,2,7468,1,4,4,6,7,4,0,0,4,17,40,0,0,1,8,2,2,2,,
24,2,33,7,1990,1,7,5,3,1,2,5,2,7468,1,4,11,4,8,3,0,0,4,17,25,0,0,4,14,1,2,4,,
24,2,33,1,1991,1,7,5,3,1,1,5,2,7468,1,4,4,4,8,3,0,0,4,17,32,12800,93.02326,1,14,2,2,2,,
24,2,47,4,1976,1,6,3,2,1,4,5,2,7468,1,2,5,6,3,4,0,0,3,12,48,12900,62.5,1,5,1,2,2,,
24,2,27,2,1997,1,7,5,3,1,0,6,2,7468,1,4,1,6,9,4,0,0,4,17,48,10000,48.44961,1,16,1,2,4,,
24,2,48,2,1976,1,7,5,3,1,1,3,2,7468,1,4,4,6,11,4,0,0,4,17,42,15000,83.05648,2,20,2,2,5,,
24,2,40,4,1983,1,7,2,3,2,1,6,2,7468,1,2,3,6,3,4,0,0,4,14,48,0,0,1,5,1,2,2,,
24,2,49,11,1974,1,6,3,3,1,2,5,2,7468,1,4,4,5,9,4,0,0,4,15,36,11000,71.05943,2,15,1,2,7,,
24,2,25,10,1998,1,7,5,3,1,0,6,2,7468,1,2,1,6,3,4,0,0,4,17,48,0,0,1,5,1,2,2,,
24,2,42,11,1981,1,7,5,3,1,2,1,2,7468,1,4,2,8,9,5,0,0,4,17,60,14000,54.26357,1,15,1,2,6,,
24,2,51,7,1972,1,6,3,3,1,1,6,2,7468,1,4,1,4,8,3,0,0,4,15,30,15000,116.27907,4,12,1,1,4,,
24,2,20,11,2003,1,7,2,3,2,0,6,2,7468,1,4,4,6,9,4,0,0,4,14,48,0,0,2,15,1,2,7,,
24,2,29,4,1994,1,7,5,3,1,0,6,2,7468,1,4,1,4,8,3,0,0,4,17,30,25800,200,1,12,1,2,4,,
24,2,49,99,1975,1,7,4,3,1,2,5,2,7468,1,4,2,4,9,3,0,0,4,16,28,10000,83.05648,2,15,1,2,7,,
24,2,44,5,1979,1,7,4,3,2,0,6,2,7468,1,4,8,6,6,4,0,0,4,16,42,0,0,4,18,1,1,8,,
24,2,43,10,1980,1,7,5,3,1,1,6,2,7468,1,4,2,3,9,3,0,0,4,17,20,0,0,1,15,1,2,7,,
24,2,32,4,1992,1,6,3,3,1,1,6,2,7468,1,2,5,6,3,4,0,0,4,15,48,8600,41.66667,1,5,1,2,2,,
24,2,39,99,1985,1,7,5,3,1,2,5,2,7468,1,2,6,6,3,4,0,0,4,17,45,0,0,1,5,1,2,2,,
24,2,38,2,1986,1,7,5,3,1,1,3,2,7468,1,2,5,6,3,4,0,0,4,17,45,0,0,1,5,1,2,2,,
24,2,61,1,1963,1,7,5,3,1,3,5,2,7468,1,4,8,2,6,2,0,0,4,17,4,0,0,4,18,1,1,8,,
24,2,44,10,1979,1,7,5,3,1,2,5,2,7468,1,4,4,6,9,4,0,0,4,17,40,0,0,1,15,1,2,7,,
24,2,33,2,1991,1,7,4,3,1,0,1,2,7468,1,4,2,3,9,3,0,0,4,16,15,6450,100,4,15,2,1,6,,
24,2,44,4,1980,1,7,5,3,1,1,5,2,7468,1,4,2,4,9,3,0,0,4,17,28,0,0,2,15,1,2,7,,
24,2,29,99,1995,1,7,5,3,1,0,6,2,7468,1,4,1,3,9,3,0,0,4,17,24,0,0,4,16,2,2,4,,
24,2,35,11,1988,1,7,5,3,1,1,6,2,7468,1,2,1,6,3,4,0,0,4,17,45,0,0,1,5,1,2,2,,
24,2,32,12,1991,1,6,2,2,1,0,6,2,7468,1,3,6,8,5,5,0,0,3,11,60,7740,30,4,7,1,1,4,,
24,2,47,9,1976,1,7,4,3,1,1,5,2,7468,1,4,1,2,10,2,0,0,4,16,12,2580,50,4,19,1,1,8,,
24,2,33,12,1990,1,7,5,3,1,1,6,2,7468,1,4,1,2,8,2,0,0,4,17,9,9000,232.55814,4,12,2,1,8,,
24,2,24,9,1999,1,7,5,3,1,0,2,2,7468,1,4,1,7,9,5,0,0,4,17,56,8170,33.92857,4,16,2,1,4,,
24,2,35,10,1988,1,6,3,3,1,2,1,2,7468,1,4,8,3,10,3,0,0,4,15,24,6450,62.5,4,19,2,1,9,,
24,2,51,10,1972,1,6,4,2,1,3,5,2,7468,1,4,1,4,9,3,0,0,3,13,32,0,0,1,16,1,2,7,,
24,2,28,9,1995,1,7,5,3,1,1,6,2,7468,1,3,6,6,5,4,0,0,4,17,48,8600,41.66667,1,7,2,2,2,,
24,2,32,12,1991,1,7,5,3,1,0,6,2,7468,1,4,2,6,9,4,0,0,4,17,40,10000,58.13953,1,15,1,2,6,,
24,2,34,11,1989,1,7,5,3,1,0,6,2,7468,1,4,1,6,10,4,0,0,4,17,40,0,0,4,19,1,1,9,,
24,2,67,9,1956,1,7,5,3,1,2,2,2,7468,1,4,4,7,11,5,0,0,4,17,52,11200,50.08945,2,20,1,2,5,,
24,2,31,10,1992,1,7,5,3,1,1,5,2,7468,1,4,6,6,8,4,0,0,4,17,40,21400,124.4186,1,10,1,2,1,,
24,2,26,2,1998,1,7,5,3,1,2,1,2,7468,1,3,1,6,5,4,0,0,4,17,48,14000,67.82946,1,6,1,2,2,,
24,2,23,11,2000,1,7,4,3,2,0,6,2,7468,1,2,1,6,3,4,0,0,4,16,40,7000,40.69767,4,5,1,1,2,,
24,2,23,4,2001,1,7,4,3,2,0,6,2,7468,1,2,4,7,3,5,0,0,4,16,50,3000,13.95349,4,5,1,1,2,,
24,2,36,4,1988,1,7,5,3,1,0,6,2,7468,1,4,2,4,9,3,0,0,4,17,25,13600,126.51163,2,15,1,2,7,,
24,2,36,12,1987,1,7,3,3,2,3,5,2,7468,1,4,1,4,9,3,0,0,4,15,30,24000,186.04651,1,16,1,2,7,,
24,2,54,4,1970,1,7,5,3,1,2,6,2,7468,1,3,6,8,5,5,0,0,4,17,60,8500,32.94574,1,7,1,2,2,,
24,2,36,9,1987,1,7,5,3,1,1,5,2,7468,1,4,4,5,11,4,0,0,4,17,35,20000,132.89037,1,20,1,2,5,,
24,2,62,5,1962,1,6,3,3,1,4,5,2,7468,1,3,6,2,5,2,0,0,4,15,3,0,0,4,7,1,1,8,,
24,2,56,4,1968,1,6,3,2,1,2,5,2,7468,1,2,5,6,3,4,0,0,3,12,47,9460,46.80851,1,5,1,2,2,,
31,2,56,6,1967,1,6,2,2,1,3,5,2,7468,1,2,6,7,3,5,0,0,3,11,54,6880,29.62963,1,5,1,2,4,,
31,2,24,5,2000,1,7,1,3,2,0,6,2,7468,1,4,3,7,8,5,0,0,4,13,50,13000,60.46512,1,11,1,2,2,,
31,2,23,11,2000,1,7,3,3,2,0,6,2,7468,1,4,2,6,9,4,0,0,4,15,40,10000,58.13953,2,15,1,2,7,,
31,2,31,2,1993,1,7,5,3,1,0,6,2,7468,1,2,4,6,3,4,0,0,4,17,40,15050,87.5,1,5,1,2,2,,
31,2,37,11,1986,1,7,4,3,1,0,6,2,7468,1,4,8,7,10,5,0,0,4,16,56,3010,12.5,4,19,1,1,8,,
31,2,32,8,1991,1,7,5,3,1,1,6,2,7468,1,4,1,7,8,5,0,0,4,17,50,20000,93.02326,4,12,1,2,4,,
31,2,35,2,1989,1,7,5,3,1,1,1,2,7468,1,3,6,7,5,5,0,0,4,17,54,0,0,1,7,1,2,2,,
31,2,33,12,1990,1,7,3,3,1,3,5,2,7468,1,4,2,4,9,3,0,0,4,15,25,8000,74.4186,4,15,1,1,8,,
31,2,21,9,2002,1,7,3,3,2,0,6,2,7468,1,4,1,3,9,3,0,0,4,15,20,0,0,4,16,1,1,6,,
31,2,25,11,1998,1,7,4,3,1,0,1,2,7468,1,4,3,6,8,4,0,0,4,16,45,16000,82.68734,1,12,1,2,2,,
31,2,39,9,1984,1,6,3,2,1,2,1,2,7468,1,4,8,2,6,2,0,0,3,12,12,0,0,4,18,1,1,8,,
31,2,25,99,1999,1,7,4,3,1,0,1,2,7468,1,4,2,3,9,3,0,0,4,16,20,0,0,4,15,1,1,7,,
31,2,43,10,1980,1,7,5,3,1,3,5,2,7468,1,4,1,4,11,3,0,0,4,17,27,7000,60.29285,2,20,1,2,5,,
31,2,24,6,1999,1,7,4,3,1,0,6,2,7468,1,4,6,4,8,3,0,0,4,16,30,4500,34.88372,4,11,1,1,2,,
31,2,26,9,1997,1,7,4,3,1,0,1,2,7468,1,4,8,6,6,4,0,0,4,16,48,7740,37.5,4,18,1,1,8,,
31,2,25,3,1999,1,7,5,3,1,0,6,2,7468,1,4,1,3,9,3,0,0,4,17,24,2150,20.83333,4,16,2,1,4,,
31,2,43,1,1981,1,7,4,3,1,1,3,2,7468,1,4,4,6,11,4,0,0,4,16,40,14000,81.39535,1,20,1,2,5,,
31,2,32,10,1991,1,7,4,3,1,0,1,2,7468,1,4,6,5,8,4,0,0,4,16,36,15000,96.89922,4,11,1,1,2,,
31,2,41,6,1982,1,7,4,3,1,0,6,2,7468,1,4,1,5,8,4,0,0,4,16,35,50000,332.22591,4,12,1,1,2,,
31,2,25,2,1999,1,7,5,3,1,0,6,2,7468,1,4,4,6,11,4,0,0,4,17,40,8000,46.51163,4,20,1,1,5,,
31,2,22,5,2001,1,7,3,3,2,0,6,2,7468,1,4,2,5,9,4,0,0,4,15,37,8000,50.28284,4,15,1,1,6,,
31,2,52,5,1971,1,7,5,3,1,2,5,2,7468,1,4,3,6,6,4,0,0,4,17,48,16500,79.94186,1,18,1,2,2,,
31,2,27,2,1997,1,7,3,3,1,0,6,2,7468,1,4,4,6,6,4,0,0,4,15,46,12000,60.66734,4,18,1,1,2,,
31,2,44,12,1979,1,7,4,3,1,3,5,2,7468,1,4,2,5,9,4,0,0,4,16,35,6000,39.86711,1,15,1,2,6,,
31,2,47,9,1976,1,7,3,3,1,1,6,2,7468,1,3,6,2,5,2,0,0,4,15,8,1720,50,4,7,1,1,8,,
31,2,37,4,1987,1,7,4,3,1,0,6,2,7468,1,4,8,8,10,5,0,0,4,16,60,0,0,4,19,1,1,8,,
31,2,50,6,1973,1,7,4,3,1,2,5,2,7468,1,4,2,6,9,4,0,0,4,16,40,0,0,1,15,1,2,6,,
31,2,66,1,1958,1,6,3,2,1,2,6,2,7468,1,3,6,5,5,4,0,0,3,12,36,0,0,4,7,1,1,4,,
31,2,24,1,2000,1,7,4,3,1,0,6,2,7468,1,4,8,6,9,4,0,0,4,16,40,7800,45.34884,1,16,1,2,2,,
31,2,54,7,1969,1,7,4,3,1,2,5,2,7468,1,4,4,8,11,5,0,0,4,16,60,0,0,1,20,1,2,5,,
31,2,21,5,2002,1,7,3,3,2,0,1,2,7468,1,4,8,2,10,2,0,0,4,15,2,1720,200,4,19,1,1,8,,
31,2,25,1,1999,1,7,5,3,1,0,6,2,7468,1,2,1,6,3,4,0,0,4,17,46,0,0,1,5,1,2,2,,
31,2,54,6,1969,1,6,3,2,1,1,6,2,7468,1,4,4,6,11,4,0,0,3,12,40,10000,58.13953,1,20,1,2,5,,
31,2,52,3,1972,1,7,3,3,1,2,5,2,7468,1,4,4,5,11,4,0,0,4,15,35,24000,159.46844,2,20,1,2,5,,
31,2,73,5,1951,1,6,1,2,1,5,5,2,7468,1,4,4,3,9,3,0,0,3,10,24,8000,77.51938,2,16,1,2,7,,
31,2,29,12,1994,1,7,3,3,1,1,5,2,7468,1,4,4,6,8,4,0,0,4,15,45,0,0,1,12,1,2,2,,
31,2,30,7,1993,1,7,5,3,1,0,6,2,7468,2,0,0,0,0,0,1,1,4,17,0,0,0,0,0,1,0,0,,
31,2,36,7,1987,1,6,3,2,1,1,1,2,7468,1,4,8,8,6,5,0,0,3,12,60,8600,33.33333,4,18,1,2,4,,
31,2,24,3,2000,1,7,5,3,1,0,6,2,7468,1,4,1,5,11,4,0,0,4,17,35,16000,106.31229,1,20,1,2,5,,
31,2,21,7,2002,1,7,1,3,2,0,6,2,7468,1,3,6,6,5,4,0,0,4,13,40,0,0,1,7,1,2,2,,
31,2,25,7,1998,1,7,4,3,1,0,6,2,7468,1,4,1,7,8,5,0,0,4,16,54,8000,34.45306,1,12,1,2,2,,
31,2,35,3,1989,1,6,2,3,1,0,1,2,7468,1,4,4,4,8,3,0,0,4,14,25,25000,232.55814,4,11,1,2,4,,
31,2,31,11,1992,1,7,4,3,1,0,6,2,7468,1,4,1,7,8,5,0,0,4,16,49,12900,61.22449,1,13,1,2,2,,
31,2,44,1,1980,1,7,4,3,1,2,6,2,7468,1,4,3,8,6,5,0,0,4,16,60,20000,77.51938,4,18,1,2,4,,
31,2,37,6,1987,1,7,4,3,1,0,5,2,7468,1,4,8,6,9,4,0,0,4,16,40,8000,46.51163,4,16,1,1,6,,
31,2,45,1,1979,1,7,4,3,1,3,5,2,7468,1,4,8,2,10,2,0,0,4,16,1,645,150,4,19,1,1,8,,
31,2,30,11,1993,1,7,5,3,1,2,5,2,7468,1,4,4,6,8,4,0,0,4,17,40,12900,75,1,12,1,2,4,,
31,2,45,7,1978,1,7,3,3,2,2,5,2,7468,1,4,2,6,9,4,0,0,4,15,40,14000,81.39535,1,15,1,2,6,,
31,2,39,10,1984,1,7,5,3,1,2,5,2,7468,1,4,1,4,9,3,0,0,4,17,32,12000,87.2093,1,16,1,2,2,,
31,2,29,5,1995,1,7,4,3,1,0,6,2,7468,1,2,1,6,3,4,0,0,4,16,47,32250,159.57447,1,5,1,2,2,,
31,2,27,4,1997,1,7,5,3,1,2,2,2,7468,1,4,1,4,9,3,0,0,4,17,28,10386,86.26246,4,16,1,1,8,,
31,2,35,3,1989,1,7,4,3,1,0,6,2,7468,1,4,6,6,8,4,0,0,4,16,40,20000,116.27907,4,11,1,1,4,,
8,2,50,7,1973,1,7,5,3,1,2,3,2,7468,1,4,1,6,8,4,0,0,4,17,40,0,0,4,11,1,1,4,,
8,2,53,4,1971,1,7,5,3,1,2,6,2,7468,1,4,4,5,11,4,0,0,4,17,35,18000,119.60133,2,20,1,2,5,,
8,2,29,6,1994,1,7,7,3,1,0,6,2,7468,1,4,1,6,9,4,0,0,4,19,40,0,0,1,16,1,2,6,,
8,2,38,10,1985,1,7,2,3,2,2,6,2,7468,1,3,6,6,5,4,0,0,4,14,48,0,0,4,7,1,2,4,,
8,2,28,6,1995,1,7,2,3,2,1,5,2,7468,1,4,1,1,8,1,0,0,4,14,0,0,0,4,14,1,1,8,,
8,2,24,8,1999,1,7,4,3,1,0,6,2,7468,2,0,0,0,0,0,1,2,4,16,0,0,0,0,0,1,0,0,,
8,2,22,10,2001,1,7,4,3,1,0,6,2,7468,1,4,2,6,9,4,0,0,4,16,40,9000,52.32558,1,15,1,2,6,,
8,2,58,4,1966,1,7,4,3,1,3,5,2,7468,1,3,1,6,5,4,0,0,4,16,40,0,0,1,7,1,2,2,,
8,2,28,12,1995,1,7,4,3,1,1,1,2,7468,1,4,8,6,10,4,0,0,4,16,48,0,0,1,19,1,2,4,,
8,2,21,1,2003,1,7,2,3,2,0,6,2,7468,1,4,8,7,6,5,0,0,4,14,54,0,0,4,18,1,1,2,,
8,2,51,11,1972,1,7,5,3,1,2,1,2,7468,1,4,6,2,6,2,0,0,4,17,10,25800,600,4,18,1,1,8,,
8,2,28,2,1996,1,7,5,3,1,1,6,2,7468,1,4,1,8,10,5,0,0,4,17,68,0,0,4,19,1,1,9,,
8,2,50,6,1973,1,6,3,2,1,3,5,2,7468,1,4,1,6,7,4,0,0,3,12,40,9000,52.32558,1,9,1,2,2,,
8,2,27,10,1996,1,7,5,3,1,0,6,2,7468,1,2,1,6,3,4,0,0,4,17,48,0,0,1,5,1,2,2,,
8,2,24,4,2000,1,7,4,3,1,0,6,2,7468,1,4,2,4,9,3,0,0,4,16,30,12000,93.02326,1,15,1,2,6,,
8,2,28,12,1995,1,7,5,3,1,1,6,2,7468,1,3,4,7,5,5,0,0,4,17,49,12000,56.95301,1,7,1,2,4,,
8,2,31,6,1992,1,7,5,3,1,2,6,2,7468,1,3,1,6,5,4,0,0,4,17,48,14700,71.22093,1,6,1,2,2,,
8,2,34,2,1990,1,7,4,3,1,0,6,2,7468,1,3,6,6,5,4,0,0,4,16,45,0,0,1,7,1,2,2,,
8,2,33,11,1990,1,7,5,3,1,0,6,2,7468,1,4,2,6,9,4,0,0,4,17,45,0,0,2,15,1,2,7,,
8,2,46,12,1977,1,7,4,3,1,2,5,2,7468,1,4,2,4,9,3,0,0,4,16,32,0,0,2,15,1,2,7,,
8,2,21,5,2002,1,7,2,3,2,0,6,2,7468,1,4,4,6,6,4,0,0,4,14,48,10750,52.08333,1,18,1,2,2,,
8,2,29,3,1995,1,7,4,3,1,0,1,2,7468,1,2,1,6,3,4,0,0,4,16,47,30000,148.44137,1,5,1,2,2,,
8,2,22,3,2002,1,7,3,3,2,0,6,2,7468,1,4,2,2,9,2,0,0,4,15,4,800,46.51163,1,15,1,2,2,,
8,2,35,11,1988,1,7,4,3,1,0,1,2,7468,1,4,4,4,7,3,0,0,4,16,28,23000,191.0299,1,8,1,2,2,,
8,2,41,5,1982,1,7,5,3,1,2,6,2,7468,1,4,2,1,9,1,0,0,4,17,0,30100,0,2,15,1,2,7,,
8,2,25,8,1998,1,7,5,3,1,0,6,2,7468,1,2,5,6,3,4,0,0,4,17,45,8600,44.44444,1,5,1,2,2,,
8,2,22,7,2001,1,7,1,3,2,0,6,2,7468,1,3,6,6,5,4,0,0,4,13,48,10000,48.44961,1,6,1,2,2,,
8,2,60,5,1963,1,7,5,3,1,9,2,2,7468,1,2,5,6,3,4,0,0,4,17,45,7310,37.77778,1,5,1,2,2,,
8,2,34,11,1989,1,7,5,3,1,2,6,2,7468,1,4,6,4,8,3,0,0,4,17,27,0,0,3,10,1,2,1,,
8,2,38,11,1985,1,7,4,3,1,2,5,2,7468,1,4,4,6,11,4,0,0,4,16,40,50000,290.69767,2,20,1,2,5,,
8,2,23,11,2000,1,7,4,3,2,0,6,2,7468,1,4,4,6,11,4,0,0,4,16,40,5000,29.06977,2,20,1,2,5,,
8,2,58,7,1965,1,6,3,2,1,2,2,2,7468,1,4,6,7,6,5,0,0,3,12,54,8600,37.03704,1,18,1,2,2,,
8,2,30,6,1993,1,7,5,3,1,0,6,2,7468,1,3,6,6,5,4,0,0,4,17,48,0,0,1,7,1,2,2,,
8,2,24,8,1999,1,7,4,3,2,0,6,2,7468,1,4,4,4,9,3,0,0,4,16,30,0,0,1,15,1,2,7,,
8,2,59,8,1964,1,7,5,3,1,2,6,2,7468,1,4,1,3,8,3,0,0,4,17,20,10750,125,4,12,1,1,8,,
8,2,36,5,1988,1,6,3,2,1,2,5,2,7468,1,4,8,2,6,2,0,0,3,12,12,0,0,4,18,1,1,4,,
8,2,26,7,1997,1,7,4,3,2,0,6,2,7468,1,4,2,7,9,5,0,0,4,16,50,8000,37.2093,4,16,1,1,6,,
8,2,35,1,1989,1,7,3,3,1,5,5,2,7468,1,4,5,3,6,3,0,0,4,15,20,2580,30,4,18,1,1,4,,
8,2,34,4,1990,1,7,5,3,1,3,5,2,7468,1,4,1,4,8,3,0,0,4,17,25,0,0,4,12,1,2,4,,
28,2,45,1,1979,1,7,5,3,1,0,6,2,7468,1,3,4,6,5,4,0,0,4,17,44,20000,105.70825,1,6,1,2,2,,
28,2,62,4,1962,1,6,2,2,1,3,5,2,7468,1,4,8,4,6,3,0,0,3,11,32,6450,46.875,4,18,1,1,8,,
28,2,44,4,1980,1,7,2,3,2,3,3,2,7468,1,2,4,6,3,4,0,0,4,14,40,0,0,2,5,1,2,7,,
28,2,24,1,2000,1,7,4,3,1,0,6,2,7468,2,0,0,0,0,0,1,2,4,16,0,0,0,0,0,1,0,0,,
28,2,45,12,1978,1,7,4,3,1,1,6,2,7468,1,4,8,6,6,4,0,0,4,16,48,0,0,4,18,1,1,4,,
28,2,29,4,1995,1,7,5,3,1,0,5,2,7468,1,4,1,6,9,4,0,0,4,17,48,0,0,1,16,1,2,2,,
28,2,33,10,1990,1,7,4,3,1,2,6,2,7468,1,3,6,2,5,2,0,0,4,16,1,6450,1500,4,7,1,1,8,,
28,2,36,2,1988,1,7,4,3,1,0,6,2,7468,1,4,1,6,8,4,0,0,4,16,40,0,0,1,12,1,2,4,,
28,2,47,9,1976,1,7,4,3,1,3,4,2,7468,1,4,8,6,6,4,0,0,4,16,48,19600,94.96124,1,18,2,2,2,,
28,2,25,1,1999,1,7,4,3,1,0,6,2,7468,1,4,1,6,9,4,0,0,4,16,48,8000,38.75969,1,16,1,2,4,,
28,2,33,1,1991,1,7,5,3,1,0,6,2,7468,1,1,4,6,4,4,0,0,4,17,45,17200,88.88889,1,4,1,2,2,,
28,2,32,5,1991,1,7,5,3,1,1,1,2,7468,2,0,0,0,0,0,1,1,4,17,0,0,0,0,0,1,0,0,,
28,2,68,7,1955,1,6,3,2,1,2,5,2,7468,1,3,6,2,5,2,0,0,3,12,7,4300,142.85714,4,7,1,1,8,,
28,2,23,4,2000,1,7,4,3,1,2,1,2,7468,1,1,1,6,4,4,0,0,4,16,40,12900,75,1,4,1,2,2,,
28,2,46,4,1978,1,7,5,3,1,1,6,2,7468,1,4,1,9,8,6,0,0,4,17,0,0,0,4,12,1,1,4,,
28,2,32,1,1992,1,7,2,3,2,1,6,2,7468,1,4,8,6,8,4,0,0,4,14,48,0,0,1,14,1,2,2,,
28,2,29,3,1995,1,7,4,3,1,2,1,2,7468,1,4,8,6,6,4,0,0,4,16,42,4000,22.14839,1,18,1,2,2,,
28,2,31,8,1992,1,7,3,3,2,0,6,2,7468,2,0,0,0,0,0,1,1,4,15,0,0,0,0,0,1,0,0,,
28,2,25,10,1998,1,7,2,3,2,0,6,2,7468,1,3,6,6,5,4,0,0,4,14,46,0,0,4,7,1,1,8,,
28,2,27,12,1996,1,7,4,3,1,1,5,2,7468,1,4,8,4,10,3,0,0,4,16,28,6450,53.57143,4,19,1,1,9,,
28,2,64,10,1959,1,7,5,3,1,2,5,2,7468,1,4,1,6,9,4,0,0,4,17,48,14000,67.82946,2,16,1,2,7,,
28,2,40,9,1983,1,7,2,3,2,4,1,2,7468,1,4,8,2,10,2,0,0,4,14,12,6450,125,4,19,1,1,8,,
28,2,37,4,1987,1,7,5,3,1,0,6,2,7468,1,4,4,7,11,5,0,0,4,17,56,0,0,3,20,1,2,5,,
28,2,59,11,1964,1,6,3,3,1,2,5,2,7468,1,3,5,7,5,5,0,0,4,15,50,9000,41.86047,1,7,1,2,2,,
28,2,45,5,1978,1,7,5,3,1,2,5,2,7468,1,4,4,6,9,4,0,0,4,17,40,18400,106.97674,1,16,1,2,7,,
28,2,33,6,1990,1,7,4,3,1,1,5,2,7468,1,3,6,3,5,3,0,0,4,16,24,8600,83.33333,4,7,1,1,8,,
28,2,50,4,1974,1,7,5,3,1,2,5,2,7468,1,4,4,4,9,3,0,0,4,17,25,6000,55.81395,2,15,1,2,7,,
28,2,55,5,1969,1,7,4,3,1,0,6,2,7468,1,4,9,6,11,4,0,0,4,16,48,14000,67.82946,2,20,1,2,5,,
28,2,44,11,1979,1,7,5,3,1,2,5,2,7468,1,4,1,6,9,4,0,0,4,17,40,18000,104.65116,1,16,1,2,7,,
28,2,33,10,1990,1,7,5,3,1,1,6,2,7468,1,3,6,9,5,6,0,0,4,17,0,0,0,1,6,1,2,2,,
28,2,51,10,1972,1,7,4,3,1,2,5,2,7468,1,2,3,6,3,4,0,0,4,16,44,17200,90.90909,1,5,1,2,2,,
28,2,37,10,1986,1,6,3,3,1,2,2,2,7468,1,3,6,4,5,3,0,0,4,15,28,3010,25,4,7,1,1,8,,
28,2,59,10,1964,1,7,4,3,1,2,6,2,7468,1,4,4,6,11,4,0,0,4,16,40,16000,93.02326,4,20,1,1,5,,
28,2,22,3,2002,1,7,2,3,2,0,6,2,7468,1,4,4,6,6,4,0,0,4,14,48,7955,38.54167,1,18,1,2,2,,
28,2,41,10,1982,1,7,3,3,2,3,1,2,7468,1,1,3,6,4,4,0,0,4,15,48,0,0,4,4,1,2,4,,
30,2,31,3,1993,1,7,4,3,1,0,6,2,7468,1,4,4,3,9,3,0,0,4,16,24,0,0,1,16,1,2,7,,
30,2,53,9,1970,1,7,4,3,1,0,6,2,7468,1,4,4,6,9,4,0,0,4,16,40,16000,93.02326,1,16,1,2,7,,
30,2,39,8,1984,1,7,4,3,1,0,6,2,7468,1,3,6,6,5,4,0,0,4,16,46,0,0,1,7,1,2,4,,
30,2,50,11,1973,1,6,3,3,1,1,1,2,7468,1,4,8,6,8,4,0,0,4,15,46,0,0,1,12,1,2,4,,
30,2,42,9,1981,1,7,5,3,1,0,6,2,7468,1,2,1,4,3,3,0,0,4,17,32,0,0,1,5,1,2,2,,
30,2,29,99,1995,1,7,4,3,1,0,6,2,7468,1,4,3,6,7,4,0,0,4,16,40,0,0,1,8,1,2,2,,
30,2,53,6,1970,1,7,5,3,1,0,5,2,7468,1,4,5,7,6,5,0,0,4,17,56,10500,43.60465,4,18,1,1,8,,
30,2,31,7,1992,1,7,4,3,1,2,5,2,7468,1,4,8,6,6,4,0,0,4,16,48,0,0,4,18,1,2,4,,
30,2,55,3,1969,1,7,3,3,2,2,3,2,7468,1,4,1,7,8,5,0,0,4,15,56,9000,37.37542,1,10,1,2,1,,
30,2,71,3,1953,1,7,5,3,1,1,6,2,7468,1,3,6,6,5,4,0,0,4,17,48,0,0,1,7,1,2,2,,
30,2,46,7,1977,1,7,5,3,1,1,5,2,7468,1,4,2,6,9,4,0,0,4,17,40,14000,81.39535,2,15,1,2,7,,
30,2,43,5,1981,1,7,4,3,1,2,1,2,7468,1,4,1,6,9,4,0,0,4,16,40,0,0,2,16,1,2,7,,
30,2,23,7,2000,1,7,5,3,1,0,6,2,7468,1,4,1,6,9,4,0,0,4,17,48,9000,43.60465,1,16,1,2,2,,
30,2,26,5,1997,1,7,3,3,1,0,6,2,7468,1,4,6,6,7,4,0,0,4,15,48,4000,19.37984,1,9,1,2,2,,
30,2,25,2,1999,1,7,3,3,2,0,6,2,7468,1,4,8,4,6,3,0,0,4,15,32,5160,37.5,1,18,1,2,2,,
30,2,41,11,1982,1,7,4,3,1,1,1,2,7468,1,2,1,6,3,4,0,0,4,16,40,0,0,1,5,1,2,2,,
30,2,30,11,1993,1,7,4,3,1,0,6,2,7468,1,4,1,2,9,2,0,0,4,16,10,6880,160,4,16,1,1,8,,
30,2,42,2,1982,1,7,4,3,1,3,5,2,7468,1,4,2,6,9,4,0,0,4,16,40,8000,46.51163,2,15,1,2,7,,
30,2,62,3,1962,1,7,4,3,1,2,1,2,7468,1,4,2,3,9,3,0,0,4,16,22,30000,317.12474,2,15,2,2,7,,
30,2,66,5,1957,1,7,5,3,1,2,6,2,7468,1,4,1,4,9,3,0,0,4,17,30,6450,50,4,16,1,1,8,,
30,2,44,3,1980,1,7,5,3,1,3,1,2,7468,1,4,1,6,9,4,0,0,4,17,40,0,0,2,16,1,2,7,,
30,2,58,7,1965,1,7,3,3,2,4,6,2,7468,1,4,5,6,6,4,0,0,4,15,48,0,0,1,18,1,2,4,,
30,2,46,12,1977,1,7,4,3,1,2,5,2,7468,1,4,2,6,9,4,0,0,4,16,40,0,0,2,15,1,2,7,,
30,2,39,1,1985,1,6,3,3,1,2,4,2,7468,1,4,8,5,6,4,0,0,4,15,36,4300,27.77778,4,18,1,1,8,,
30,2,40,7,1983,1,7,5,3,1,0,6,2,7468,1,4,1,6,9,4,0,0,4,17,48,12900,62.5,4,16,1,2,4,,
30,2,54,4,1970,1,6,2,3,1,0,6,2,7468,1,4,8,6,6,4,0,0,4,14,48,0,0,1,18,1,2,4,,
30,2,37,7,1986,1,7,4,3,1,1,6,2,7468,1,3,6,7,5,5,0,0,4,16,54,0,0,4,7,1,2,4,,
30,2,34,1,1990,1,7,4,3,1,2,5,2,7468,1,4,2,6,9,4,0,0,4,16,40,0,0,1,15,1,2,7,,
30,2,22,12,2001,1,7,4,3,1,0,6,2,7468,1,3,1,6,5,4,0,0,4,16,48,0,0,1,7,1,2,2,,
30,2,50,2,1974,1,7,4,3,1,3,5,2,7468,1,4,2,6,9,4,0,0,4,16,40,15200,88.37209,2,15,1,2,7,,
30,2,33,1,1991,1,7,4,3,1,1,5,2,7468,1,4,8,8,10,5,0,0,4,16,84,0,0,4,19,1,1,8,,
30,2,40,8,1983,1,7,4,3,1,1,6,2,7468,1,3,4,6,5,4,0,0,4,16,45,0,0,1,7,1,2,2,,
30,2,37,6,1987,1,7,4,3,1,1,1,2,7468,1,3,6,2,5,2,0,0,4,16,14,4300,71.42857,4,7,1,1,8,,
30,2,47,5,1977,1,7,4,3,1,1,1,2,7468,1,4,2,6,9,4,0,0,4,16,40,8400,48.83721,1,15,1,2,6,,
12,2,27,8,1996,1,7,5,3,1,0,6,2,7468,1,3,4,6,5,4,0,0,4,17,48,0,0,5,7,1,1,4,,
12,2,29,8,1994,1,7,5,3,1,2,5,2,7468,1,3,1,6,5,4,0,0,4,17,48,0,0,4,7,1,2,4,,
12,2,40,11,1983,1,7,4,3,1,2,5,2,7468,1,4,8,6,10,4,0,0,4,16,48,6450,31.25,4,19,1,2,4,,
12,2,27,10,1996,1,7,2,3,2,1,6,2,7468,1,4,4,8,10,5,0,0,4,14,60,0,0,4,19,1,1,4,,
12,2,34,1,1990,1,7,5,3,1,0,6,2,7468,1,4,4,6,8,4,0,0,4,17,48,6000,29.06977,1,10,1,2,1,,
12,2,34,5,1989,1,7,5,3,1,2,5,2,7468,1,4,1,6,8,4,0,0,4,17,46,0,0,4,12,1,1,4,,
12,2,28,8,1995,1,7,4,3,1,0,5,2,7468,1,4,2,3,9,3,0,0,4,16,20,10000,116.27907,2,15,1,2,7,,
12,2,49,6,1974,1,6,1,2,2,1,5,2,7468,1,3,6,4,5,3,0,0,3,10,30,5000,38.75969,1,7,1,2,2,,
12,2,62,3,1962,1,7,5,3,1,3,5,2,7468,1,4,4,5,11,4,0,0,4,17,35,20000,132.89037,2,20,1,2,5,,
12,2,48,6,1975,1,7,5,3,1,2,3,2,7468,1,4,8,5,9,4,0,0,4,17,35,7600,50.49834,2,15,1,2,7,,
12,2,27,11,1996,1,7,5,3,1,1,1,2,7468,1,3,4,7,5,5,0,0,4,17,50,12900,60,1,7,1,2,2,,
12,2,36,6,1987,1,7,5,3,1,1,1,2,7468,1,3,6,7,5,5,0,0,4,17,56,6450,26.78571,4,7,1,1,8,,
12,2,28,6,1995,1,7,5,3,1,0,5,2,7468,1,4,1,5,9,4,0,0,4,17,36,8000,51.67959,1,16,1,2,2,,
12,2,60,12,1963,1,6,3,2,1,2,4,2,7468,1,3,6,2,5,2,0,0,3,12,2,0,0,4,7,1,1,8,,
12,2,44,99,1980,1,7,5,3,1,2,5,2,7468,1,4,1,6,9,4,0,0,4,17,40,0,0,1,16,1,2,7,,
12,2,41,5,1983,1,7,5,3,1,2,5,2,7468,1,4,2,3,9,3,0,0,4,17,22,0,0,2,15,1,2,7,,
12,2,37,11,1986,1,7,5,3,1,0,5,2,7468,1,4,3,6,10,4,0,0,4,17,40,12000,69.76744,1,19,1,2,2,,
12,2,24,8,1999,1,7,5,3,1,0,6,2,7468,1,4,1,2,9,2,0,0,4,17,7,3225,107.14286,4,16,1,1,4,,
12,2,32,10,1991,1,7,5,3,1,1,5,2,7468,1,4,2,4,9,3,0,0,4,17,30,7000,54.26357,2,15,1,2,7,,
12,2,48,9,1975,1,7,5,3,1,1,5,2,7468,1,4,2,2,9,2,0,0,4,17,5,7200,334.88372,2,15,1,2,7,,
12,2,51,3,1973,1,7,5,3,1,3,5,2,7468,1,3,6,2,5,2,0,0,4,17,12,0,0,4,7,1,1,8,,
12,2,39,12,1984,1,7,5,3,1,2,5,2,7468,1,3,6,2,5,2,0,0,4,17,8,0,0,4,7,1,1,8,,
12,2,36,3,1988,1,7,5,3,1,2,4,2,7468,1,4,8,8,8,5,0,0,4,17,63,0,0,4,11,1,2,4,,
12,2,50,99,1974,1,7,5,3,1,2,2,2,7468,1,4,8,6,10,4,0,0,4,17,48,0,0,4,19,1,2,4,,
12,2,52,4,1972,1,7,5,3,1,4,1,2,7468,1,4,1,6,9,4,0,0,4,17,40,1000,5.81395,2,16,1,2,7,,
12,2,32,3,1992,1,7,5,3,1,1,6,2,7468,1,4,6,6,8,4,0,0,4,17,45,0,0,4,10,1,1,1,,
12,2,43,4,1981,1,7,5,3,1,4,5,2,7468,1,4,1,6,11,4,0,0,4,17,40,24000,139.53488,2,20,1,2,5,,
12,2,35,1,1989,1,7,4,3,1,0,6,2,7468,1,4,4,6,11,4,0,0,4,16,40,8000,46.51163,4,20,1,1,5,,
12,2,49,11,1974,1,7,5,3,1,0,6,2,7468,1,4,8,6,10,4,0,0,4,17,48,10000,48.44961,4,19,1,2,4,,
12,2,29,5,1995,1,7,5,3,1,2,5,2,7468,1,4,1,2,9,2,0,0,4,17,12,1720,33.33333,4,16,1,1,4,,
12,2,38,6,1985,1,7,5,3,1,0,2,2,7468,1,4,2,6,9,4,0,0,4,17,40,0,0,2,15,1,2,7,,
12,2,44,5,1980,1,7,5,3,1,0,6,2,7468,1,4,1,6,9,4,0,0,4,17,40,0,0,2,16,1,2,7,,
12,2,32,11,1991,1,7,4,3,2,2,3,2,7468,1,4,4,6,9,4,0,0,4,16,48,0,0,4,15,1,1,6,,
12,2,25,10,1998,1,7,5,3,1,1,6,2,7468,1,3,1,6,5,4,0,0,4,17,48,8000,38.75969,1,6,1,2,2,,
12,2,47,5,1976,1,7,5,3,1,0,5,2,7468,1,3,6,7,5,5,0,0,4,17,56,0,0,4,7,2,1,8,,
12,2,40,7,1983,1,7,4,3,1,2,5,2,7468,1,4,2,3,9,3,0,0,4,16,22,9000,95.13742,2,15,1,2,7,,
12,2,47,5,1977,1,7,5,3,1,0,1,2,7468,1,4,8,6,9,4,0,0,4,17,45,7400,38.24289,1,15,1,2,6,,
12,2,57,5,1967,1,7,5,3,1,2,6,2,7468,1,4,2,4,9,3,0,0,4,17,30,14000,108.52713,2,15,1,2,7,,
12,2,43,9,1980,1,7,5,3,1,1,3,2,7468,1,3,6,6,5,4,0,0,4,17,48,0,0,4,7,1,1,4,,
12,2,49,1,1975,1,7,5,3,1,0,6,2,7468,1,2,1,6,3,4,0,0,4,17,48,0,0,1,5,1,2,2,,
12,2,47,11,1976,1,7,5,3,1,0,1,2,7468,1,4,3,8,10,5,0,0,4,17,67,0,0,4,19,1,2,4,,
12,2,35,8,1988,1,7,3,3,1,2,5,2,7468,1,4,1,5,11,4,0,0,4,15,35,20000,132.89037,2,20,1,2,5,,
12,2,41,11,1982,1,7,5,3,1,2,2,2,7468,1,4,8,5,10,4,0,0,4,17,35,10750,71.42857,4,19,1,1,9,,
12,2,40,2,1984,1,7,5,3,1,4,5,2,7468,1,4,1,6,9,4,0,0,4,17,40,10000,58.13953,1,16,1,2,7,,
12,2,29,4,1995,1,7,5,3,1,0,6,2,7468,1,4,6,6,8,4,0,0,4,17,40,0,0,1,10,1,2,1,,
12,2,50,8,1973,1,7,5,3,1,1,5,2,7468,1,4,1,6,9,4,0,0,4,17,40,2400,13.95349,1,16,1,2,7,,
1,2,23,10,2000,1,7,5,3,1,0,6,2,7468,1,2,5,5,3,4,0,0,4,17,38,0,0,1,5,1,2,2,,
1,2,37,4,1987,1,7,5,3,1,1,5,2,7468,1,2,1,4,3,3,0,0,4,17,27,10000,86.13264,1,5,1,2,2,,
1,2,25,7,1998,1,7,3,3,2,0,6,2,7468,1,4,4,7,7,5,0,0,4,15,51,0,0,1,8,1,2,2,,
1,2,22,9,2001,1,7,3,3,2,0,6,2,7468,1,3,6,6,5,4,0,0,4,15,42,0,0,4,7,1,1,4,,
1,2,31,3,1993,1,7,2,3,2,1,6,2,7468,1,3,1,6,5,4,0,0,4,14,40,0,0,1,6,1,2,2,,
1,2,60,6,1963,1,6,3,2,1,3,3,2,7468,1,3,6,3,5,3,0,0,3,12,24,0,0,4,7,1,1,8,,
28,2,48,12,1975,1,7,4,3,1,2,5,2,7468,1,4,4,5,9,4,0,0,4,16,35,10000,66.44518,2,15,1,2,7,,
30,2,48,10,1975,1,7,4,3,1,0,6,2,7468,1,4,2,4,9,3,0,0,4,16,25,0,0,2,15,1,2,7,,
1,2,60,3,1964,1,6,3,3,1,2,5,2,7468,1,2,10,6,3,4,0,0,4,15,40,30100,175,1,5,2,2,2,,
4,2,27,12,1996,1,7,4,3,1,0,6,2,7468,1,4,1,4,8,3,0,0,4,16,32,7525,54.6875,4,12,1,1,2,,
4,2,27,10,1996,1,7,2,3,2,2,1,2,7468,1,3,6,5,5,4,0,0,4,14,36,4300,27.77778,4,7,1,1,8,,
6,2,21,3,2003,1,7,3,3,2,0,6,2,7468,1,3,6,3,5,3,0,0,4,15,21,2709,30,4,7,1,1,4,,
11,2,36,8,1987,1,7,2,3,2,1,1,2,7468,1,2,5,6,3,4,0,0,4,14,40,8170,47.5,1,5,1,2,2,,
11,2,64,99,1960,1,7,4,3,1,2,5,2,7468,1,6,3,3,1,3,0,0,4,16,15,0,0,4,1,1,1,3,,
14,2,32,6,1991,1,7,4,3,1,0,6,2,7468,1,3,4,7,5,5,0,0,4,16,54,7740,33.33333,1,6,1,2,4,,
15,2,29,11,1994,1,7,5,3,1,1,6,2,7468,2,0,0,0,0,0,1,2,4,17,0,0,0,0,0,1,0,0,,
16,2,58,6,1966,1,7,5,3,1,0,5,2,7468,1,4,8,2,10,2,0,0,4,17,9,2580,66.66667,4,19,2,1,9,,
17,2,38,3,1986,1,7,5,3,1,2,5,2,7468,1,4,1,6,9,4,0,0,4,17,40,0,0,4,16,1,1,7,,
18,2,26,6,1997,1,7,5,3,1,0,1,2,7468,1,6,10,1,1,1,0,0,4,17,0,30100,0,1,1,1,2,3,,
19,2,27,1,1997,1,7,5,3,1,0,6,2,7468,1,3,3,7,5,5,0,0,4,17,50,11180,52,1,7,1,2,2,,
22,2,24,2,2000,1,7,4,3,2,0,6,2,7468,1,2,4,6,3,4,0,0,4,16,42,0,0,1,5,1,2,2,,
25,2,28,12,1995,1,7,4,3,1,1,2,2,7468,1,4,1,4,10,3,0,0,4,16,32,15400,111.9186,1,19,1,2,6,,
27,2,41,2,1983,1,7,4,3,1,3,5,2,7468,1,4,2,4,9,3,0,0,4,16,30,14000,108.52713,2,15,1,2,7,,
27,2,23,8,2000,1,7,4,3,1,0,6,2,7468,1,3,4,6,5,4,0,0,4,16,48,9600,46.51163,1,7,1,2,2,,
27,2,21,10,2002,1,7,1,3,2,0,6,2,7468,1,3,6,8,5,5,0,0,4,13,72,5160,16.66667,4,7,1,1,4,,
29,2,33,7,1990,1,7,5,3,1,2,5,2,7468,1,3,6,2,5,2,0,0,4,17,9,2400,62.0155,4,7,1,1,8,,
29,2,27,12,1996,1,7,5,3,1,0,1,2,7468,1,4,1,7,10,5,0,0,4,17,50,8000,37.2093,1,19,2,2,2,,
32,2,28,5,1995,1,7,4,3,2,0,1,2,7468,1,4,8,8,6,5,0,0,4,16,84,6450,17.85714,4,18,1,1,8,,
32,2,23,7,2000,1,7,5,3,1,0,6,2,7468,1,3,6,7,5,5,0,0,4,17,50,4300,20,4,7,1,1,4,,
9,2,44,8,1979,1,7,5,3,1,1,1,2,7468,1,4,1,6,11,4,0,0,4,17,40,0,0,2,20,1,2,5,,
9,2,23,12,2000,1,7,3,3,2,0,6,2,7468,1,3,6,3,5,3,0,0,4,15,21,0,0,4,7,1,1,8,,
9,2,36,2,1988,1,7,1,3,2,4,1,2,7468,1,4,5,6,6,4,0,0,4,13,48,7740,37.5,4,18,1,1,8,,
9,2,26,99,1998,1,7,5,3,1,0,6,2,7468,2,0,0,0,0,0,1,1,4,17,0,0,0,0,0,1,0,0,,
9,2,48,5,1975,1,7,4,3,1,0,5,2,7468,1,3,1,4,5,3,0,0,4,16,32,0,0,1,7,1,2,2,,
9,2,55,5,1969,1,7,4,3,1,2,1,2,7468,1,4,2,3,9,3,0,0,4,16,20,0,0,2,15,2,2,7,,
9,2,53,3,1971,1,7,4,3,1,1,5,2,7468,1,4,2,5,9,4,0,0,4,16,35,11400,75.74751,2,15,1,2,7,,
9,2,31,1,1993,1,7,4,3,1,1,6,2,7468,1,4,8,6,9,4,0,0,4,16,40,0,0,2,15,1,2,7,,
9,2,42,3,1982,1,7,6,3,1,1,6,2,7468,1,4,1,6,8,4,0,0,4,18,48,20000,96.89922,4,12,1,2,4,,
9,2,46,8,1977,1,6,3,2,1,2,5,2,7468,1,4,4,1,11,1,0,0,3,12,0,0,0,5,20,1,1,11,,
9,2,52,7,1971,1,7,5,3,1,0,6,2,7468,1,4,1,6,9,4,0,0,4,17,46,0,0,4,16,1,2,4,,
9,2,69,99,1955,1,7,4,3,1,0,5,2,7468,1,4,2,2,9,2,0,0,4,16,12,0,0,2,15,1,2,7,,
9,2,26,6,1998,1,7,4,3,1,0,6,2,7468,1,4,1,6,8,4,0,0,4,16,40,0,0,1,12,1,2,2,,
9,2,39,12,1984,1,7,4,3,1,1,1,2,7468,1,4,2,1,9,1,0,0,4,16,0,0,0,2,15,1,2,7,,
9,2,32,9,1991,1,7,4,3,1,1,1,2,7468,1,3,6,6,5,4,0,0,4,16,48,0,0,5,7,1,1,2,,
9,2,46,2,1978,1,7,4,3,1,1,5,2,7468,1,4,2,5,9,4,0,0,4,16,35,0,0,2,15,1,2,7,,
15,2,32,99,1992,1,7,5,3,1,0,6,2,7468,1,2,1,4,3,3,0,0,4,17,32,0,0,1,5,1,2,2,,
15,2,44,4,1980,1,7,4,3,1,2,5,2,7468,1,3,6,8,5,5,0,0,4,16,63,0,0,4,7,1,1,4,,
15,2,40,6,1983,1,7,4,3,1,3,6,2,7468,1,4,2,4,9,3,0,0,4,16,32,16000,116.27907,2,15,1,2,7,,
15,2,31,3,1993,1,7,5,3,1,0,6,2,7468,1,2,1,6,3,4,0,0,4,17,48,0,0,1,5,1,2,2,,
15,2,22,99,2002,1,7,2,3,2,0,6,2,7468,2,0,0,0,0,0,2,0,4,14,0,0,0,0,0,1,0,0,,
15,2,47,10,1976,1,7,4,3,1,1,3,2,7468,1,4,3,6,9,4,0,0,4,16,40,0,0,1,15,1,2,6,,
15,2,61,3,1963,1,6,3,2,1,2,2,2,7468,1,4,4,4,9,3,0,0,3,12,30,10600,82.17054,2,15,1,2,7,,
15,2,53,6,1970,1,7,4,3,1,3,6,2,7468,1,4,2,6,9,4,0,0,4,16,40,12000,69.76744,2,15,1,2,7,,
14,2,41,3,1983,1,6,3,2,1,2,1,2,7468,1,4,1,6,8,4,0,0,3,12,40,0,0,1,10,1,2,1,,
14,2,40,99,1984,1,7,4,3,1,0,6,2,7468,1,4,1,4,7,3,0,0,4,16,30,10400,80.62016,1,9,1,2,2,,
14,2,19,8,2004,1,7,1,3,2,0,6,2,7468,1,4,2,6,11,4,0,0,4,13,40,0,0,1,20,1,2,5,,
14,2,42,5,1982,1,7,4,3,1,2,1,2,7468,1,4,4,6,11,4,0,0,4,16,45,14000,72.35142,2,20,1,2,5,,
14,2,22,4,2002,1,7,3,3,2,0,6,2,7468,1,4,1,2,8,2,0,0,4,15,6,4300,166.66667,4,12,1,1,8,,
14,2,25,9,1998,1,7,5,3,1,0,6,2,7468,1,4,1,6,9,4,0,0,4,17,45,13600,70.28424,1,16,1,2,2,,
14,2,28,9,1995,1,7,4,3,1,0,6,2,7468,1,3,3,6,5,4,0,0,4,16,40,13600,79.06977,1,6,1,2,2,,
14,2,32,99,1992,1,7,5,3,1,0,6,2,7468,1,4,1,6,9,4,0,0,4,17,46,0,0,1,16,1,2,4,,
14,2,26,3,1998,1,7,4,3,1,0,6,2,7468,1,4,1,6,10,4,0,0,4,16,48,0,0,1,19,1,2,2,,
14,2,25,1,1999,1,7,4,3,1,0,6,2,7468,1,3,6,5,5,4,0,0,4,16,35,7740,51.42857,4,7,1,1,4,,
14,2,27,9,1996,1,7,4,3,1,2,6,2,7468,1,1,1,6,4,4,0,0,4,16,46,7740,39.13043,1,4,1,2,2,,
14,2,25,5,1999,1,7,4,3,1,0,1,2,7468,1,2,4,6,3,4,0,0,4,16,48,10750,52.08333,1,5,1,2,2,,
19,2,33,1,1991,1,7,5,3,1,0,5,2,7468,1,4,1,6,8,4,0,0,4,17,45,23000,118.86305,1,10,2,2,1,,
19,2,22,1,2002,1,6,3,2,1,0,6,2,7468,1,3,1,6,5,4,0,0,3,12,42,0,0,1,6,1,2,2,,
19,2,31,11,1992,1,6,1,2,2,1,1,2,7468,1,2,5,6,3,4,0,0,3,10,48,12900,62.5,1,5,1,2,2,,
19,2,46,2,1978,1,6,3,2,1,1,2,2,7468,1,4,4,4,9,3,0,0,3,12,30,20000,155.03876,3,16,1,2,7,,
19,2,51,9,1972,1,7,5,3,1,4,1,2,7468,1,4,1,9,7,6,0,0,4,17,0,0,0,4,9,1,2,4,,
19,2,49,4,1975,1,7,5,3,1,2,5,2,7468,1,4,6,7,8,5,0,0,4,17,49,0,0,4,10,1,2,1,,
19,2,60,8,1963,1,7,4,3,1,4,3,2,7468,1,4,6,6,8,4,0,0,4,16,40,0,0,1,10,1,2,1,,
19,2,25,11,1998,1,7,5,3,1,0,6,2,7468,1,2,5,6,3,4,0,0,4,17,47,20000,98.96091,1,5,1,2,2,,
19,2,50,99,1974,1,7,5,3,1,3,5,2,7468,1,4,1,6,8,4,0,0,4,17,45,16000,82.68734,4,12,1,1,8,,
19,2,22,6,2001,1,7,5,3,1,0,6,2,7468,1,4,1,6,8,4,0,0,4,17,40,0,0,1,14,1,2,2,,
19,2,22,7,2001,1,6,3,2,1,0,6,2,7468,1,4,2,5,9,4,0,0,3,12,37,13000,81.70962,1,15,1,2,6,,
19,2,26,4,1998,1,7,4,3,1,0,6,2,7468,1,4,3,6,9,4,0,0,4,16,40,12900,75,1,16,1,2,6,,
19,2,20,7,2003,1,7,3,3,2,0,6,2,7468,1,4,4,6,8,4,0,0,4,15,48,6000,29.06977,1,14,1,2,2,,
19,2,37,10,1986,1,7,4,3,1,2,5,2,7468,1,4,1,6,8,4,0,0,4,16,40,0,0,1,13,1,2,2,,
19,2,47,11,1976,1,7,5,3,1,1,3,2,7468,1,4,3,6,8,4,0,0,4,17,45,30000,155.03876,1,12,1,2,4,,
21,2,26,3,1998,1,7,5,3,1,0,1,2,7468,1,4,8,8,6,5,0,0,4,17,60,5000,19.37984,4,18,1,2,4,,
21,2,49,9,1974,1,7,4,3,1,3,4,2,7468,1,4,2,4,9,3,0,0,4,16,25,16000,148.83721,2,15,1,2,7,,
21,2,56,5,1967,1,6,3,3,1,2,1,2,7468,1,3,1,8,5,5,0,0,4,15,61,0,0,1,7,1,2,2,,
21,2,29,10,1994,1,7,5,3,1,1,1,2,7468,1,4,1,6,11,4,0,0,4,17,40,0,0,4,20,1,1,5,,
21,2,33,12,1990,1,7,5,3,1,0,6,2,7468,1,4,1,6,8,4,0,0,4,17,48,0,0,1,12,1,2,4,,
21,2,60,6,1963,1,7,5,3,1,3,5,2,7468,1,4,4,6,9,4,0,0,4,17,40,10000,58.13953,1,15,1,2,6,,
21,2,52,11,1971,1,7,5,3,1,3,5,2,7468,1,4,1,4,8,3,0,0,4,17,28,0,0,1,14,1,2,2,,
21,2,29,2,1995,1,7,5,3,1,0,6,2,7468,1,4,4,8,8,5,0,0,4,17,66,0,0,4,14,1,1,8,,
21,2,40,4,1984,1,7,4,3,1,2,1,2,7468,1,4,2,3,9,3,0,0,4,16,20,12000,139.53488,2,15,1,2,7,,
21,2,44,8,1979,1,7,4,3,1,1,5,2,7468,1,4,8,6,8,4,0,0,4,16,40,0,0,1,14,1,2,2,,
21,2,27,10,1996,1,7,1,3,2,0,6,2,7468,1,4,1,6,10,4,0,0,4,13,46,6880,34.78261,1,19,1,2,2,,
11,2,31,99,1993,1,7,5,3,1,0,6,2,7468,1,4,6,2,6,2,0,0,4,17,4,5160,300,4,18,1,1,8,,
11,2,22,99,2002,1,7,2,3,2,0,6,2,7468,1,4,6,2,6,2,0,0,4,14,4,1290,75,4,18,1,1,8,,
11,2,47,1,1977,1,6,2,3,1,2,5,2,7468,1,4,8,6,6,4,0,0,4,14,45,0,0,4,18,1,1,8,,
11,2,30,3,1994,1,7,4,3,1,1,3,2,7468,1,4,4,6,11,4,0,0,4,16,40,0,0,2,20,1,2,5,,
11,2,40,10,1983,1,7,5,3,1,0,6,2,7468,1,4,1,6,8,4,0,0,4,17,47,0,0,1,14,1,2,4,,
11,2,24,11,1999,1,7,4,3,1,0,6,2,7468,1,4,1,6,8,4,0,0,4,16,40,0,0,1,12,1,2,4,,
11,2,29,99,1995,1,7,4,3,1,1,1,2,7468,1,4,6,6,8,4,0,0,4,16,40,0,0,1,10,1,2,1,,
11,2,47,3,1977,1,7,4,3,1,2,3,2,7468,1,3,6,6,5,4,0,0,4,16,45,0,0,1,7,1,2,2,,
11,2,38,12,1985,1,7,4,3,1,0,6,2,7468,1,3,6,7,5,5,0,0,4,16,56,0,0,1,7,1,2,2,,
11,2,23,9,2000,1,7,5,3,1,0,6,2,7468,1,4,1,4,8,3,0,0,4,17,32,8600,62.5,1,12,1,2,7,,
11,2,33,99,1991,1,7,4,3,1,0,1,2,7468,1,4,2,5,9,4,0,0,4,16,35,9000,59.80066,2,15,1,2,7,,
5,2,28,3,1996,1,7,4,3,1,2,1,2,7468,2,0,0,0,0,0,1,2,4,16,0,0,0,0,0,1,0,0,,
5,2,26,12,1997,1,7,4,3,1,0,6,2,7468,1,4,4,6,9,4,0,0,4,16,48,7310,35.41667,1,15,1,2,2,,
5,2,55,5,1969,1,7,5,3,1,2,5,2,7468,1,4,4,5,9,4,0,0,4,17,35,11000,73.0897,1,15,1,2,6,,
5,2,46,10,1977,1,6,3,2,1,1,5,2,7468,1,4,1,4,9,3,0,0,3,12,34,7600,51.98358,2,16,2,2,7,,
5,2,37,12,1986,1,7,5,3,1,1,5,2,7468,1,4,4,4,9,3,0,0,4,17,25,6000,55.81395,2,15,1,2,7,,
5,2,44,6,1979,1,7,4,3,1,2,5,2,7468,1,3,3,3,5,3,0,0,4,16,20,45000,523.25581,4,6,1,1,2,,
10,2,38,8,1985,1,7,5,3,1,1,6,2,7468,1,4,1,6,11,4,0,0,4,17,40,0,0,2,20,1,2,5,,
10,2,27,2,1997,1,7,5,3,1,0,6,2,7468,1,3,6,3,5,3,0,0,4,17,24,0,0,4,7,1,1,2,,
10,2,21,11,2002,1,7,2,3,2,0,6,2,7468,1,4,8,3,7,3,0,0,4,14,18,200,2.58398,4,8,1,1,2,,
10,2,28,2,1996,1,7,5,3,1,1,5,2,7468,1,6,1,6,1,4,0,0,4,17,48,22532,109.16667,1,1,1,2,3,,
10,2,32,9,1991,1,7,4,3,1,1,1,2,7468,1,4,1,4,9,3,0,0,4,16,25,4400,40.93023,1,15,1,2,6,,
10,2,25,9,1998,1,7,5,3,1,0,6,2,7468,1,4,1,6,9,4,0,0,4,17,40,7200,41.86047,1,16,1,2,4,,
10,2,26,8,1997,1,7,5,3,1,0,6,2,7468,1,4,1,6,9,4,0,0,4,17,45,8600,44.44444,4,16,1,1,4,,
24,2,38,8,1985,1,7,4,3,1,3,5,2,7468,1,4,2,6,9,4,0,0,4,16,40,0,0,1,15,1,2,6,,
24,2,40,7,1983,1,6,3,2,1,1,5,2,7468,1,4,4,6,9,4,0,0,3,12,42,0,0,1,16,1,2,6,,
31,2,25,8,1998,1,7,4,3,1,1,1,2,7468,1,4,8,2,6,2,0,0,4,16,12,17200,333.33333,4,18,1,1,8,,
31,2,41,7,1982,1,7,1,3,2,1,3,2,7468,1,4,1,5,9,4,0,0,4,13,36,0,0,2,16,1,2,7,,
31,2,46,7,1977,1,7,5,3,1,3,5,2,7468,1,4,1,6,9,4,0,0,4,17,40,0,0,2,16,2,2,7,,
31,2,25,5,1998,1,7,4,3,1,0,6,2,7468,1,4,4,6,8,4,0,0,4,16,40,0,0,1,14,1,2,2,,
31,2,44,6,1979,1,7,4,3,1,0,5,2,7468,1,3,6,6,5,4,0,0,4,16,48,7740,37.5,1,6,1,2,2,,
31,2,24,1,2000,1,7,4,3,2,0,6,2,7468,1,4,4,4,8,3,0,0,4,16,25,4000,37.2093,4,10,1,1,1,,
8,2,33,6,1990,1,7,5,3,1,2,5,2,7468,1,4,4,6,11,4,0,0,4,17,40,8000,46.51163,2,20,1,2,5,,
8,2,36,10,1987,1,7,4,3,1,1,6,2,7468,1,3,1,5,5,4,0,0,4,16,35,12900,85.71429,1,7,1,2,2,,
8,2,51,3,1973,1,6,3,1,1,4,5,2,7468,1,2,5,4,3,3,0,0,2,9,30,0,0,4,5,1,1,4,,
8,2,27,2,1997,1,7,5,3,1,0,6,2,7468,1,4,1,6,6,4,0,0,4,17,48,0,0,1,18,1,2,2,,
8,2,33,5,1990,1,7,5,3,1,2,5,2,7468,1,4,2,6,9,4,0,0,4,17,40,10000,58.13953,1,15,1,2,7,,
8,2,56,99,1968,1,7,5,3,1,2,5,2,7468,1,4,1,4,11,3,0,0,4,17,30,26000,201.55039,2,20,1,2,5,,
8,2,35,11,1988,1,7,5,3,1,0,6,2,7468,1,4,4,5,9,4,0,0,4,17,35,16000,106.31229,2,15,1,2,7,,
8,2,30,5,1993,1,7,2,3,2,0,6,2,7468,1,3,6,7,5,5,0,0,4,14,50,0,0,1,7,1,2,2,,
8,2,46,11,1977,1,7,5,3,1,3,1,2,7468,1,2,5,5,3,4,0,0,4,17,36,12040,77.77778,1,5,1,2,2,,
8,2,59,3,1965,1,6,3,1,1,2,4,2,7468,1,4,8,4,6,3,0,0,2,9,28,8600,71.42857,4,18,1,2,4,,
8,2,25,4,1999,1,7,3,3,2,3,5,2,7468,1,2,6,7,3,5,0,0,4,15,56,0,0,4,5,1,1,8,,
8,2,28,4,1996,1,6,3,2,1,2,6,2,7468,1,3,6,6,5,4,0,0,3,12,48,10750,52.08333,1,7,1,2,2,,
8,2,22,10,2001,1,7,5,3,1,0,6,2,7468,1,2,1,6,3,4,0,0,4,17,45,10750,55.55556,1,5,1,2,2,,
8,2,32,5,1992,1,7,5,3,1,2,5,2,7468,1,4,4,6,6,4,0,0,4,17,48,12900,62.5,1,18,1,2,2,,
8,2,29,3,1995,1,7,4,3,1,0,6,2,7468,1,4,4,6,8,4,0,0,4,16,45,0,0,1,10,1,2,1,,
8,2,42,8,1981,1,7,5,3,1,2,5,2,7468,1,4,1,4,9,3,0,0,4,17,30,51600,400,4,16,1,1,8,,
8,2,20,7,2003,1,7,1,3,2,0,1,2,7468,1,4,4,6,10,4,0,0,4,13,40,7310,42.5,4,19,1,1,4,,
8,2,54,3,1970,1,6,3,2,1,3,4,2,7468,1,4,1,5,9,4,0,0,3,12,36,16000,103.35917,2,16,1,2,7,,
28,2,23,3,2001,1,7,4,3,2,0,6,2,7468,1,4,1,6,9,4,0,0,4,16,40,0,0,3,16,1,1,7,,
28,2,37,10,1986,1,7,3,3,1,1,5,2,7468,1,4,8,8,6,5,0,0,4,15,63,10000,36.91399,4,18,1,2,4,,
28,2,48,6,1975,1,7,4,3,1,2,5,2,7468,1,3,6,6,5,4,0,0,4,16,48,8600,41.66667,4,7,1,1,11,,
28,2,29,7,1994,1,7,5,3,1,0,6,2,7468,1,3,6,7,5,5,0,0,4,17,53,7000,30.71523,1,7,1,2,2,,
28,2,54,6,1969,1,6,2,1,1,2,6,2,7468,1,4,8,8,6,5,0,0,2,8,57,6450,26.31579,4,18,1,1,2,,
28,2,80,4,1944,1,6,3,2,1,1,5,2,7468,1,4,4,4,9,3,0,0,3,12,32,10000,72.67442,2,16,1,2,7,,
28,2,47,7,1976,1,7,4,3,1,1,5,2,7468,1,4,8,4,9,3,0,0,4,16,29,16000,128.30794,2,15,1,2,7,,
28,2,40,10,1983,1,7,5,3,1,1,5,2,7468,1,3,6,6,5,4,0,0,4,17,48,0,0,1,6,1,2,2,,
28,2,52,3,1972,1,7,3,3,1,0,2,2,7468,1,4,1,6,9,4,0,0,4,15,48,0,0,2,16,1,2,7,,
28,2,44,1,1980,1,7,1,3,2,1,3,2,7468,1,4,4,6,9,4,0,0,4,13,40,0,0,2,15,1,2,7,,
28,2,33,10,1990,1,7,5,3,1,1,2,2,7468,1,4,4,6,10,4,0,0,4,17,40,6450,37.5,1,19,1,2,4,,
30,2,28,10,1995,1,7,4,3,1,1,5,2,7468,1,4,3,6,10,4,0,0,4,16,46,0,0,1,19,1,2,4,,
30,2,32,9,1991,1,7,3,3,2,0,6,2,7468,1,1,7,6,4,4,0,0,4,15,48,6450,31.25,4,4,1,1,4,,
30,2,37,8,1986,1,7,4,3,1,1,6,2,7468,1,4,4,7,7,5,0,0,4,16,51,0,0,1,9,1,2,2,,
30,2,65,10,1958,1,7,5,3,1,2,1,2,7468,1,4,1,6,9,4,0,0,4,17,48,0,0,1,16,1,2,2,,
30,2,28,6,1995,1,7,5,3,1,0,6,2,7468,1,4,4,7,10,5,0,0,4,17,50,0,0,4,19,1,1,2,,
30,2,23,11,2000,1,7,4,3,1,0,6,2,7468,1,2,8,6,3,4,0,0,4,16,48,0,0,1,5,1,2,2,,
30,2,36,7,1987,1,6,2,3,1,2,5,2,7468,1,4,8,5,9,4,0,0,4,14,35,0,0,1,16,1,2,7,,
30,2,53,6,1971,1,6,3,2,1,2,5,2,7468,1,2,5,6,3,4,0,0,3,12,48,7000,33.91473,1,5,1,2,2,,
12,2,39,1,1985,1,7,5,3,1,1,1,2,7468,1,4,2,1,9,1,0,0,4,17,0,8000,0,2,15,2,2,7,,
12,2,43,10,1980,1,7,4,3,1,3,6,2,7468,1,4,8,2,10,2,0,0,4,16,12,0,0,4,19,1,1,8,,
12,2,21,2,2003,1,7,1,3,2,0,6,2,7468,1,3,6,2,5,2,0,0,4,13,4,0,0,4,6,1,1,4,,
12,2,56,99,1968,1,7,5,3,1,3,5,2,7468,1,3,6,8,5,5,0,0,4,17,72,0,0,4,7,1,1,8,,
12,2,29,2,1995,1,7,5,3,1,0,6,2,7468,2,0,0,0,0,0,1,2,4,17,0,0,0,0,0,1,0,0,,
12,2,46,3,1978,1,7,5,3,1,1,5,2,7468,1,4,2,2,9,2,0,0,4,17,6,0,0,4,15,1,1,8,,
1,2,58,5,1965,1,7,5,3,1,3,2,2,7468,1,4,3,6,6,4,0,0,4,17,48,0,0,1,18,1,2,2,,
1,2,37,99,1987,1,7,4,3,1,2,6,2,7468,1,2,5,6,3,4,0,0,4,16,48,0,0,4,5,1,1,4,,
1,2,40,3,1984,1,7,4,3,1,1,5,2,7468,1,4,4,6,8,4,0,0,4,16,40,0,0,1,10,1,2,1,,
1,2,23,11,2000,1,7,5,3,1,0,1,2,7468,1,2,5,6,3,4,0,0,4,17,48,11180,54.16667,1,5,1,2,2,,
1,2,23,10,2000,1,7,4,3,1,0,6,2,7468,1,2,1,6,3,4,0,0,4,16,48,0,0,1,5,1,2,2,,
1,2,48,8,1975,1,7,5,3,1,1,6,2,7468,1,4,3,6,11,4,0,0,4,17,40,0,0,2,20,1,2,5,,
1,2,62,4,1962,1,7,5,3,1,2,3,2,7468,1,3,6,7,5,5,0,0,4,17,50,0,0,4,7,1,1,8,,
16,2,27,99,1997,1,7,5,3,1,0,6,2,7468,1,4,4,3,8,3,0,0,4,17,20,0,0,4,12,1,1,4,,
16,2,24,1,2000,1,7,4,3,2,1,1,2,7468,1,4,1,6,9,4,0,0,4,16,40,0,0,4,16,1,1,7,,
16,2,46,1,1978,1,7,5,3,1,3,5,2,7468,1,4,1,3,8,3,0,0,4,17,20,12900,150,4,12,1,1,4,,
16,2,49,99,1975,1,7,5,3,1,3,5,2,7468,1,4,1,6,11,4,0,0,4,17,40,0,0,1,20,1,2,5,,
16,2,44,5,1979,1,7,5,3,1,2,3,2,7468,1,4,1,6,9,4,0,0,4,17,40,7000,40.69767,1,15,1,2,6,,
16,2,29,3,1995,1,7,5,3,1,0,1,2,7468,1,4,1,6,9,4,0,0,4,17,40,19200,111.62791,2,16,1,2,7,,
16,2,29,6,1994,1,7,5,3,1,1,2,2,7468,1,4,1,6,9,4,0,0,4,17,48,7000,33.91473,1,16,1,2,7,,
16,2,57,10,1966,1,6,3,2,1,2,6,2,7468,1,3,6,2,5,2,0,0,3,12,12,0,0,4,7,1,1,8,,
16,2,27,8,1996,1,7,5,3,1,0,1,2,7468,1,4,1,4,8,3,0,0,4,17,30,0,0,4,12,2,1,8,,
16,2,51,5,1973,1,7,5,3,1,1,6,2,7468,1,4,1,6,6,4,0,0,4,17,46,6000,30.33367,1,18,2,2,2,,
16,2,53,8,1970,1,7,5,3,1,4,6,2,7468,1,4,6,8,8,5,0,0,4,17,60,0,0,4,11,2,1,8,,
15,2,23,8,2000,1,7,2,3,2,0,6,2,7468,1,4,9,6,11,4,0,0,4,14,40,0,0,2,20,1,2,5,,
15,2,20,9,2003,1,7,2,3,2,1,5,2,7468,2,0,0,0,0,0,2,0,4,14,0,0,0,0,0,1,0,0,,
15,2,40,8,1983,1,6,2,2,1,0,6,2,7468,1,3,6,8,5,5,0,0,3,11,76,9000,27.53978,4,7,1,1,8,,
15,2,60,5,1963,1,7,5,3,1,2,1,2,7468,1,4,3,6,9,4,0,0,4,17,40,0,0,2,15,1,2,7,,
15,2,30,8,1993,1,6,1,2,2,0,1,2,7468,1,4,8,5,10,4,0,0,3,10,36,7740,50,4,19,1,2,4,,
15,2,35,3,1989,1,7,4,3,1,2,5,2,7468,1,4,5,7,10,5,0,0,4,16,50,7000,32.55814,1,19,1,2,4,,
15,2,41,2,1983,1,7,5,3,1,2,5,2,7468,1,4,8,6,6,4,0,0,4,17,48,7000,33.91473,4,18,1,2,4,,
15,2,51,99,1973,1,7,5,3,1,1,5,2,7468,1,4,2,4,9,3,0,0,4,17,30,0,0,2,15,1,2,7,,
15,2,33,7,1990,1,6,3,2,1,1,6,2,7468,1,3,6,6,5,4,0,0,3,12,48,7740,37.5,1,7,1,2,2,,
15,2,34,1,1990,1,7,4,3,1,2,1,2,7468,1,4,8,8,6,5,0,0,4,16,60,7740,30,4,18,1,1,8,,
5,2,49,1,1975,1,7,5,3,1,3,5,2,7468,1,4,2,1,9,1,0,0,4,17,0,14000,0,3,15,1,2,7,,
5,2,39,9,1984,1,7,4,3,1,4,5,2,7468,1,2,5,7,3,5,0,0,4,16,50,0,0,1,5,1,2,2,,
5,2,22,4,2002,1,7,3,3,2,0,6,2,7468,2,0,0,0,0,0,1,1,4,15,0,0,0,0,0,1,0,0,,
5,2,64,1,1960,1,6,3,2,1,3,5,2,7468,1,2,5,6,3,4,0,0,3,12,40,8600,50,1,5,1,2,4,,
5,2,23,5,2001,1,7,4,3,1,0,6,2,7468,2,0,0,0,0,0,1,2,4,16,0,0,0,0,0,1,0,0,,
5,2,22,8,2001,1,7,1,3,2,0,6,2,7468,1,2,5,6,3,4,0,0,4,13,40,0,0,1,5,1,2,2,,
27,2,27,11,1996,1,7,5,3,1,0,6,2,7468,1,4,1,8,10,5,0,0,4,17,60,14000,54.26357,4,19,1,1,2,,
27,2,36,4,1988,1,7,5,3,1,0,6,2,7468,1,4,6,7,7,5,0,0,4,17,50,5590,26,1,9,1,2,2,,
27,2,29,11,1994,1,7,5,3,1,0,6,2,7468,1,4,8,6,9,4,0,0,4,17,48,7400,35.85271,1,16,1,2,2,,
27,2,48,7,1975,1,7,5,3,1,2,5,2,7468,1,4,6,6,8,4,0,0,4,17,45,10000,51.67959,1,10,1,2,1,,
27,2,40,2,1984,1,7,5,3,1,2,5,2,7468,1,4,2,3,9,3,0,0,4,17,20,0,0,2,15,1,2,7,,
27,2,23,6,2001,1,7,2,3,2,1,1,2,7468,1,4,4,6,10,4,0,0,4,14,48,0,0,4,19,1,1,4,,
27,2,42,1,1982,1,7,5,3,1,0,6,2,7468,1,2,1,6,3,4,0,0,4,17,48,0,0,1,5,1,2,2,,
27,2,27,7,1996,1,7,5,3,1,1,6,2,7468,1,3,6,8,5,5,0,0,4,17,60,0,0,1,7,1,2,2,,
7,2,49,4,1975,1,7,4,3,1,2,5,2,7468,1,4,1,4,9,3,0,0,4,16,32,14000,101.74419,2,16,1,2,7,,
7,2,43,3,1981,1,7,5,3,1,2,5,2,7468,1,4,1,6,8,4,0,0,4,17,40,0,0,4,12,1,2,4,,
7,2,29,1,1995,1,7,6,3,1,0,6,2,7468,1,4,1,4,9,3,0,0,4,18,25,20000,186.04651,4,16,1,1,2,,
7,2,32,7,1991,1,7,2,3,2,2,6,2,7468,1,4,6,6,8,4,0,0,4,14,48,12000,58.13953,4,11,1,1,2,,
8,2,44,1,1980,1,7,5,3,1,2,5,1,11247,1,3,3,6,5,4,0,0,4,17,44,0,0,1,7,1,2,2,,
8,2,21,1,2003,1,7,1,3,2,0,6,1,11247,1,2,5,3,3,3,0,0,4,13,22,8600,90.90909,1,5,1,2,4,,
8,2,25,3,1999,1,7,5,3,1,0,6,1,11247,1,2,5,6,3,4,0,0,4,17,40,0,0,1,5,1,2,2,,
8,2,25,11,1998,1,7,5,3,1,0,6,1,11247,1,2,1,7,3,5,0,0,4,17,55,0,0,1,5,1,2,2,,
8,2,27,9,1996,1,7,4,3,1,0,6,1,11247,1,4,3,6,7,4,0,0,4,16,42,25800,142.85714,1,9,1,2,2,,
8,2,21,6,2002,1,7,1,3,2,0,1,1,11247,1,2,5,8,3,5,0,0,4,13,70,9890,32.85714,1,5,1,2,2,,
2,2,26,10,1997,1,7,5,3,1,0,6,1,11247,2,0,0,0,0,0,1,2,4,17,0,0,0,0,0,1,0,0,,
2,2,57,10,1966,1,7,2,3,2,3,5,1,11247,1,4,8,1,10,1,0,0,4,14,0,2580,0,4,19,1,1,9,,
2,2,39,2,1985,1,7,5,3,1,2,5,1,11247,1,4,2,4,9,3,0,0,4,17,30,10000,77.51938,2,15,1,2,7,,
2,2,26,99,1998,1,7,5,3,1,1,6,1,11247,1,4,4,6,7,4,0,0,4,17,48,0,0,1,8,1,2,2,,
2,2,21,99,2003,1,7,1,3,2,0,6,1,11247,1,4,1,4,11,3,0,0,4,13,25,0,0,4,20,1,1,5,,
25,2,45,9,1978,1,7,5,3,1,0,6,2,7468,1,4,2,1,9,1,0,0,4,17,0,14000,0,2,15,1,2,7,,
25,2,32,8,1991,1,7,5,3,1,0,6,2,7468,1,4,4,1,9,1,0,0,4,17,0,14000,0,2,15,1,2,7,,
25,2,41,10,1982,1,7,5,3,1,3,5,2,7468,1,2,5,2,3,2,0,0,4,17,2,2150,250,4,5,1,1,4,,
25,2,52,7,1971,1,7,5,3,1,3,6,2,7468,1,4,1,6,8,4,0,0,4,17,40,8000,46.51163,1,10,1,2,1,,
25,2,50,9,1973,1,7,5,3,1,0,6,2,7468,1,4,2,4,9,3,0,0,4,17,30,0,0,2,15,1,2,7,,
25,2,39,10,1984,1,7,5,3,1,0,6,2,7468,1,4,6,6,8,4,0,0,4,17,40,0,0,1,13,1,2,2,,
26,2,51,3,1973,1,7,4,3,1,0,5,2,7468,1,4,1,1,11,1,0,0,4,16,0,16000,0,2,20,1,2,5,,
26,2,28,2,1996,1,7,5,3,1,0,6,2,7468,1,4,1,8,9,5,0,0,4,17,60,16200,62.7907,2,16,1,2,7,,
26,2,50,12,1973,1,7,4,3,1,2,5,2,7468,1,4,4,6,11,4,0,0,4,16,45,24000,124.03101,2,20,1,2,5,,
26,2,24,10,1999,1,7,5,3,1,0,6,2,7468,1,4,4,7,8,5,0,0,4,17,54,10000,43.06632,1,10,1,2,1,,
26,2,26,11,1997,1,7,2,3,2,1,6,2,7468,1,4,1,3,9,3,0,0,4,14,16,0,0,1,15,1,2,4,,
26,2,35,6,1988,1,7,5,3,1,2,5,2,7468,1,2,3,6,3,4,0,0,4,17,47,40000,197.92182,1,5,1,2,2,,
26,2,23,3,2001,1,7,5,3,1,0,6,2,7468,1,4,4,1,11,1,0,0,4,17,0,0,0,2,20,1,2,5,,
26,2,29,8,1994,1,7,5,3,1,1,5,2,7468,1,4,2,4,9,3,0,0,4,17,25,12000,111.62791,2,15,1,2,7,,
26,2,39,8,1984,1,7,4,3,1,2,5,2,7468,1,4,4,5,11,4,0,0,4,16,36,0,0,2,20,1,2,5,,
26,2,37,1,1987,1,7,5,3,1,0,6,2,7468,1,4,1,6,8,4,0,0,4,17,40,0,0,1,14,1,2,2,,
26,2,40,12,1983,1,7,5,3,1,2,5,2,7468,1,7,1,6,0,4,0,0,4,17,48,0,0,1,21,1,2,2,,
10,2,37,10,1986,1,7,3,3,2,1,1,2,7468,1,4,4,3,8,3,0,0,4,15,18,3900,50.3876,4,10,1,1,1,,
10,2,58,4,1965,1,6,3,2,1,0,6,2,7468,1,4,4,1,11,1,0,0,3,12,0,9000,0,2,20,1,2,5,,
10,2,34,8,1989,1,7,5,3,1,2,5,2,7468,1,4,2,1,9,1,0,0,4,17,0,10000,0,1,15,1,2,6,,
10,2,43,6,1980,1,7,4,3,1,1,3,2,7468,1,4,1,5,9,4,0,0,4,16,37,16000,100.56568,1,16,1,2,7,,
10,2,56,3,1968,1,6,2,2,1,4,5,2,7468,1,4,8,2,6,2,0,0,3,11,12,10750,208.33333,4,18,1,1,8,,
10,2,23,7,2000,1,7,3,3,2,0,6,2,7468,1,4,8,2,10,2,0,0,4,15,12,4300,83.33333,4,19,1,1,8,,
10,2,23,8,2000,1,6,3,3,1,0,6,2,7468,1,4,1,5,9,4,0,0,4,15,36,7200,46.51163,4,16,1,1,4,,
10,2,27,12,1996,1,7,5,3,1,1,1,2,7468,1,4,1,7,11,5,0,0,4,17,56,15600,64.78405,4,20,1,1,5,,
10,2,24,1,2000,1,7,5,3,1,0,1,2,7468,1,4,8,6,10,4,0,0,4,17,48,0,0,4,19,1,2,4,,
18,2,24,6,1999,1,7,5,3,2,1,5,2,7468,1,4,8,2,10,2,0,0,4,17,6,8600,333.33333,4,19,1,1,8,,
18,2,29,10,1994,1,7,5,3,1,0,6,2,7468,1,4,4,3,11,3,0,0,4,17,24,30000,290.69767,2,20,1,2,5,,
18,2,44,6,1979,1,7,4,3,1,0,6,2,7468,1,4,1,6,9,4,0,0,4,16,40,36000,209.30233,2,16,1,2,7,,
18,2,40,12,1983,1,7,5,3,1,2,5,2,7468,1,4,4,6,9,4,0,0,4,17,40,5000,29.06977,1,15,1,2,6,,
18,2,55,2,1969,1,7,5,3,1,0,6,2,7468,1,4,4,6,11,4,0,0,4,17,40,12000,69.76744,2,20,1,2,5,,
18,2,39,2,1985,1,7,4,3,1,2,5,2,7468,1,4,4,4,11,3,0,0,4,16,30,0,0,2,20,2,2,5,,
18,2,69,7,1954,1,6,3,2,1,3,5,2,7468,1,4,8,2,6,2,0,0,3,12,9,4300,111.11111,4,18,1,1,8,,
18,2,54,11,1969,1,7,4,3,1,2,5,2,7468,1,3,6,6,5,4,0,0,4,16,48,2580,12.5,4,7,1,1,8,,
18,2,43,99,1981,1,7,4,3,1,0,6,2,7468,1,3,4,6,5,4,0,0,4,16,46,15050,76.08696,1,6,1,2,2,,
18,2,21,11,2002,1,7,3,3,1,0,1,2,7468,1,4,1,3,11,3,0,0,4,15,24,0,0,4,20,1,1,5,,
18,2,35,4,1989,1,7,4,3,1,3,5,2,7468,1,4,1,4,10,3,0,0,4,16,30,21500,166.66667,4,17,1,1,8,,
18,2,28,11,1995,1,7,5,3,1,0,6,2,7468,2,0,0,0,0,0,1,1,4,17,0,0,0,0,0,1,0,0,,
18,2,32,3,1992,1,7,5,3,1,0,6,2,7468,1,4,1,8,11,5,0,0,4,17,63,26000,95.97638,2,20,1,2,5,,
18,2,49,9,1974,1,6,3,2,1,2,2,2,7468,1,4,8,3,10,3,0,0,3,12,15,0,0,4,19,2,1,9,,
18,2,24,11,1999,1,7,5,3,1,0,6,2,7468,1,2,5,6,3,4,0,0,4,17,45,0,0,1,5,1,2,2,,
18,2,36,7,1987,1,7,4,3,1,1,2,2,7468,1,1,1,7,4,5,0,0,4,16,50,18000,83.72093,1,4,1,2,2,,
4,2,39,5,1984,1,7,5,3,1,1,5,2,7468,1,4,1,3,9,3,0,0,4,17,22,40000,422.83298,2,16,1,2,7,,
4,2,27,12,1996,1,7,4,3,1,1,1,2,7468,1,3,6,3,5,3,0,0,4,16,24,10000,96.89922,4,7,1,1,4,,
4,2,24,7,1999,1,7,4,3,1,0,6,2,7468,1,2,5,7,3,5,0,0,4,16,50,5200,24.18605,1,5,1,2,2,,
4,2,26,8,1997,1,7,2,3,2,0,6,2,7468,1,4,8,6,10,4,0,0,4,14,48,6450,31.25,4,19,1,1,4,,
4,2,40,12,1983,1,6,3,2,1,0,6,2,7468,1,4,5,8,6,5,0,0,3,12,84,8600,23.80952,4,18,1,1,4,,
17,2,52,99,1972,1,7,5,3,1,3,5,2,7468,1,3,6,8,5,5,0,0,4,17,57,0,0,4,7,1,1,8,,
17,2,49,99,1975,1,7,5,3,1,2,5,2,7468,1,4,4,6,11,4,0,0,4,17,40,8000,46.51163,1,20,1,2,5,,
17,2,24,4,2000,1,7,5,3,1,0,6,2,7468,2,0,0,0,0,0,1,1,4,17,0,0,0,0,0,1,0,0,,
17,2,25,10,1998,1,7,4,3,1,1,6,2,7468,1,4,2,2,9,2,0,0,4,16,6,0,0,4,15,1,1,4,,
17,2,25,99,1999,1,7,4,3,1,0,6,2,7468,1,3,4,6,5,4,0,0,4,16,48,9000,43.60465,1,7,1,2,2,,
30,2,33,12,1990,1,7,4,3,1,2,1,2,7468,1,3,6,7,5,5,0,0,4,16,54,0,0,1,7,1,2,2,,
20,2,36,12,1987,1,7,5,3,1,0,6,2,7468,1,4,1,2,9,2,0,0,4,17,9,0,0,4,16,1,1,4,,
20,2,53,5,1970,1,7,5,3,1,2,5,2,7468,1,4,4,6,11,4,0,0,4,17,40,0,0,1,20,1,2,5,,
20,2,44,6,1979,1,7,3,3,1,1,3,2,7468,1,4,2,1,9,1,0,0,4,15,0,7000,0,1,15,1,2,6,,
20,2,38,6,1985,1,7,5,3,1,2,1,2,7468,1,3,6,8,5,5,0,0,4,17,66,12900,45.45455,4,7,1,1,8,,
20,2,41,5,1983,1,7,5,3,1,1,5,2,7468,1,4,1,3,11,3,0,0,4,17,20,0,0,1,20,1,2,5,,
20,2,50,8,1973,1,7,5,3,1,3,5,2,7468,1,4,2,4,9,3,0,0,4,17,25,0,0,2,15,1,2,7,,
20,2,24,9,1999,1,7,5,3,1,0,6,2,7468,1,4,1,6,9,4,0,0,4,17,48,0,0,4,16,1,2,4,,
20,2,43,5,1980,1,7,6,3,1,0,5,2,7468,1,4,1,6,9,4,0,0,4,18,42,9000,49.83389,4,16,1,1,4,,
20,2,40,1,1984,1,7,5,3,1,1,6,2,7468,1,3,4,8,5,5,0,0,4,17,60,12000,46.51163,1,7,1,2,2,,
20,2,28,7,1995,1,7,5,3,1,0,6,2,7468,1,4,1,8,9,5,0,0,4,17,72,10000,32.29974,4,16,1,1,4,,
20,2,41,8,1982,1,7,5,3,1,1,4,2,7468,1,4,8,3,6,3,0,0,4,17,24,6450,62.5,4,18,1,1,8,,
20,2,28,1,1996,1,7,5,3,1,0,6,2,7468,1,3,6,6,5,4,0,0,4,17,48,0,0,4,7,1,1,4,,
32,2,32,7,1991,1,7,5,3,1,2,5,2,7468,1,4,7,5,7,4,0,0,4,17,36,10320,66.66667,4,8,1,2,4,,
32,2,24,12,1999,1,7,5,3,1,0,6,2,7468,1,4,1,3,9,3,0,0,4,17,24,4730,45.83333,4,16,1,1,2,,
32,2,26,8,1997,1,7,5,3,1,0,6,2,7468,1,4,4,5,11,4,0,0,4,17,37,0,0,1,20,1,2,5,,
32,2,49,7,1974,1,6,3,2,1,4,1,2,7468,1,4,6,7,7,5,0,0,3,12,56,12000,49.83389,1,8,1,2,2,,
32,2,25,99,1999,1,7,5,3,1,0,6,2,7468,1,2,1,7,3,5,0,0,4,17,55,8600,36.36364,1,5,1,2,2,,
32,2,26,5,1998,1,7,5,3,1,0,6,2,7468,1,1,3,8,4,5,0,0,4,17,84,34400,95.2381,1,4,1,2,2,,
32,2,50,3,1974,1,6,1,2,2,2,3,2,7468,1,5,5,6,2,4,0,0,3,10,48,11610,56.25,1,2,1,2,2,,
32,2,51,99,1973,1,7,5,3,1,1,6,2,7468,1,3,4,6,5,4,0,0,4,17,48,0,0,1,6,1,2,2,,
32,2,75,1,1949,1,6,3,2,1,3,5,2,7468,1,4,1,2,9,2,0,0,3,12,10,0,0,4,16,1,1,8,,
6,2,28,7,1995,1,7,2,3,2,2,6,2,7468,1,3,4,1,5,1,0,0,4,14,0,0,0,1,7,1,2,2,,
6,2,51,9,1972,1,7,4,3,1,0,6,2,7468,1,4,2,3,9,3,0,0,4,16,22,0,0,2,15,1,2,7,,
6,2,47,9,1976,1,7,5,3,1,1,6,2,7468,1,4,1,5,9,4,0,0,4,17,35,8000,53.15615,2,16,1,2,7,,
6,2,22,10,2001,1,7,3,3,2,0,6,2,7468,1,4,1,2,10,2,0,0,4,15,6,1720,66.66667,4,17,1,1,4,,
6,2,38,7,1985,1,7,4,3,1,2,5,2,7468,1,3,6,8,5,5,0,0,4,16,58,8000,32.07698,4,7,1,2,4,,
6,2,29,12,1994,1,7,5,3,1,0,1,2,7468,1,4,2,5,9,4,0,0,4,17,35,11600,77.07641,2,15,2,2,7,,
6,2,52,12,1971,1,7,4,3,1,1,6,2,7468,1,4,1,1,11,1,0,0,4,16,0,16800,0,2,20,1,2,5,,
6,2,69,9,1954,1,7,4,3,1,2,6,2,7468,1,4,1,4,9,3,0,0,4,16,30,6000,46.51163,4,16,1,1,2,,
6,2,40,10,1983,1,7,4,3,1,3,5,2,7468,1,3,3,6,5,4,0,0,4,16,45,40000,206.71835,1,7,1,2,2,,
22,2,26,3,1998,1,7,4,3,1,1,6,2,7468,1,4,4,6,11,4,0,0,4,16,48,10000,48.44961,1,20,1,2,5,,
22,2,35,5,1988,1,7,4,3,1,0,1,2,7468,1,4,1,6,7,4,0,0,4,16,45,0,0,1,8,1,2,2,,
22,2,30,12,1993,1,7,4,3,1,1,6,2,7468,1,4,1,5,8,4,0,0,4,16,36,0,0,4,12,1,2,4,,
22,2,31,5,1992,1,7,2,3,2,1,1,2,7468,1,3,4,6,5,4,0,0,4,14,44,0,0,1,7,1,2,4,,
22,2,20,3,2004,1,7,1,3,2,0,6,2,7468,1,4,6,6,7,4,0,0,4,13,42,0,0,1,9,1,2,2,,
22,2,34,11,1989,1,7,4,3,1,1,5,2,7468,1,4,1,6,8,4,0,0,4,16,40,0,0,1,14,1,2,2,,
22,2,39,11,1984,1,7,3,3,2,0,1,2,7468,1,4,1,6,9,4,0,0,4,15,40,0,0,1,16,1,2,6,,
22,2,28,99,1996,1,7,4,3,1,0,6,2,7468,1,4,2,6,10,4,0,0,4,16,48,0,0,1,17,1,2,2,,
22,2,29,5,1995,1,7,4,3,2,0,6,2,7468,1,4,5,6,10,4,0,0,4,16,40,0,0,1,19,1,2,2,,
22,2,50,99,1974,1,7,3,3,2,0,6,2,7468,1,3,4,6,5,4,0,0,4,15,40,0,0,1,7,1,2,2,,
22,2,31,99,1993,1,7,4,3,1,0,6,2,7468,1,4,1,6,9,4,0,0,4,16,45,9000,46.51163,1,16,1,2,7,,
22,2,25,99,1999,1,7,4,3,1,0,6,2,7468,1,3,1,7,5,5,0,0,4,16,54,0,0,1,7,1,2,2,,
22,2,60,9,1963,1,6,2,2,1,2,5,2,7468,1,3,6,6,5,4,0,0,3,11,42,0,0,4,7,1,1,8,,
22,2,29,6,1995,1,7,4,3,1,0,6,2,7468,1,4,1,6,8,4,0,0,4,16,45,0,0,1,12,1,2,2,,
29,2,32,11,1991,1,7,4,3,1,2,3,2,7468,1,4,8,2,10,2,0,0,4,16,8,2150,62.5,4,19,1,1,8,,
29,2,50,10,1973,1,7,5,3,1,0,6,2,7468,1,4,1,6,9,4,0,0,4,17,48,0,0,4,16,1,2,4,,
29,2,25,12,1998,1,7,5,3,1,2,1,2,7468,1,4,1,3,8,3,0,0,4,17,15,4000,62.0155,4,12,1,1,8,,
29,2,48,10,1975,1,6,3,3,1,0,5,2,7468,1,2,5,5,3,4,0,0,4,15,35,3600,23.92027,4,5,1,1,8,,
29,2,42,9,1981,1,7,4,3,1,0,6,2,7468,1,4,2,4,9,3,0,0,4,16,30,16000,124.03101,2,15,1,2,7,,
29,2,29,10,1994,1,7,5,3,1,0,1,2,7468,1,4,2,4,9,3,0,0,4,17,27,0,0,2,15,1,2,7,,
29,2,40,5,1983,1,7,6,3,1,1,5,2,7468,1,4,1,6,9,4,0,0,4,18,40,0,0,2,16,1,2,7,,
29,2,33,12,1990,1,7,4,3,1,0,1,2,7468,1,4,6,6,8,4,0,0,4,16,45,12000,62.0155,1,10,1,2,1,,
29,2,71,6,1952,1,6,2,1,1,4,4,2,7468,1,3,6,8,5,5,0,0,2,8,74,2000,6.28536,4,7,1,1,8,,
29,2,41,3,1983,1,7,5,3,1,3,1,2,7468,1,4,2,2,9,2,0,0,4,17,9,6000,155.03876,2,15,1,2,7,,
29,2,30,10,1993,1,7,5,3,1,0,6,2,7468,1,4,1,6,9,4,0,0,4,17,42,0,0,4,16,1,1,8,,
29,2,30,3,1994,1,7,5,3,1,1,6,2,7468,1,3,1,4,5,3,0,0,4,17,30,12900,100,4,7,1,1,8,,
3,2,54,5,1970,1,7,2,3,2,2,6,2,7468,1,4,4,7,11,5,0,0,4,14,50,12000,55.81395,1,20,1,2,5,,
3,2,24,7,1999,1,7,4,3,1,0,6,2,7468,1,4,4,8,11,5,0,0,4,16,68,0,0,2,20,1,2,5,,
3,2,37,1,1987,1,7,3,3,2,1,4,2,7468,1,4,1,6,11,4,0,0,4,15,40,16000,93.02326,1,20,1,2,5,,
3,2,35,1,1989,1,7,4,3,1,2,1,2,7468,1,4,2,6,9,4,0,0,4,16,40,12000,69.76744,2,15,1,2,7,,
3,2,67,8,1956,1,6,3,3,1,0,6,2,7468,1,3,6,3,5,3,0,0,4,15,20,0,0,4,7,1,1,8,,
3,2,38,3,1986,1,7,4,3,1,2,3,2,7468,1,4,2,3,9,3,0,0,4,16,20,16000,186.04651,2,15,2,2,7,,
23,2,23,8,2000,1,7,4,3,1,0,6,2,7468,1,4,4,7,8,5,0,0,4,16,50,0,0,1,12,1,2,2,,
23,2,43,6,1980,1,7,4,3,1,3,5,2,7468,1,3,6,2,5,2,0,0,4,16,12,0,0,4,7,1,2,4,,
23,2,58,5,1966,1,6,2,2,1,2,4,2,7468,1,4,8,8,6,5,0,0,3,11,63,8600,31.74603,4,18,1,1,8,,
23,2,50,4,1974,1,7,4,3,1,0,1,2,7468,1,4,8,8,6,5,0,0,4,16,60,0,0,1,18,1,2,2,,
23,2,38,6,1986,1,7,4,3,1,2,5,2,7468,1,4,4,6,8,4,0,0,4,16,48,0,0,4,14,1,1,2,,
4,2,19,9,2004,1,7,1,3,2,0,6,2,7468,1,2,5,2,3,2,0,0,4,13,8,10320,300,4,5,1,1,8,,
4,2,28,8,1995,1,7,4,3,1,0,6,2,7468,1,1,5,8,4,5,0,0,4,16,60,50000,193.79845,1,4,1,2,2,,
4,2,35,10,1988,1,7,4,3,1,0,1,2,7468,1,4,1,4,8,3,0,0,4,16,30,6000,46.51163,4,12,1,1,4,,
4,2,43,4,1981,1,6,2,3,1,1,6,2,7468,1,4,1,6,11,4,0,0,4,14,40,11600,67.44186,1,20,1,2,5,,
4,2,32,3,1992,1,7,7,3,1,0,1,2,7468,1,4,1,6,9,4,0,0,4,19,40,26000,151.16279,2,16,1,2,7,,
13,2,21,4,2002,1,7,2,3,2,0,6,2,7468,1,4,1,1,9,1,0,0,4,14,0,0,0,4,16,1,1,4,,
13,2,58,8,1965,1,7,4,3,1,2,6,2,7468,1,4,4,6,11,4,0,0,4,16,40,0,0,2,20,1,2,5,,
13,2,72,7,1951,1,6,3,2,1,2,6,2,7468,1,4,1,6,11,4,0,0,3,12,40,9600,55.81395,2,20,1,2,5,,
13,2,38,12,1985,1,7,3,3,1,1,1,2,7468,1,2,8,8,3,5,0,0,4,15,60,5000,19.37984,4,5,1,2,4,,
13,2,54,4,1970,1,7,5,3,1,1,5,2,7468,1,4,1,6,9,4,0,0,4,17,40,16000,93.02326,2,16,1,2,7,,
13,2,54,1,1970,1,7,3,3,2,3,5,2,7468,1,3,6,2,5,2,0,0,4,15,7,0,0,4,7,1,1,8,,
13,2,32,11,1991,1,6,2,3,2,2,3,2,7468,1,3,4,6,5,4,0,0,4,14,48,4000,19.37984,1,7,1,2,4,,
2,2,46,6,1977,1,7,4,3,1,0,6,1,11247,1,2,1,6,3,4,0,0,4,16,45,0,0,1,5,1,2,2,,
2,2,28,10,1995,1,7,4,3,1,0,6,1,11247,1,3,1,4,5,3,0,0,4,16,32,0,0,1,7,1,2,2,,
2,2,26,10,1997,1,7,3,3,2,0,6,1,11247,1,4,4,4,8,3,0,0,4,15,25,16000,148.83721,1,10,1,2,1,,
2,2,25,11,1998,1,7,2,3,2,1,1,1,11247,1,4,4,3,8,3,0,0,4,14,21,7200,79.73422,1,11,1,2,2,,
2,2,46,1,1978,1,7,4,3,1,2,6,1,11247,1,2,5,6,3,4,0,0,4,16,41,15000,85.08225,1,5,1,2,2,,
2,2,43,99,1981,1,7,4,3,1,0,6,1,11247,1,4,1,7,8,5,0,0,4,16,55,0,0,4,12,1,1,4,,
2,2,44,10,1979,1,7,5,3,1,1,1,1,11247,1,4,3,6,9,4,0,0,4,17,40,50000,290.69767,2,15,1,2,7,,
2,2,22,11,2001,1,7,4,3,1,0,6,1,11247,1,2,5,6,3,4,0,0,4,16,40,17200,100,1,5,1,2,2,,
2,2,36,99,1988,1,7,4,3,1,0,6,1,11247,1,4,1,6,11,4,0,0,4,16,40,0,0,2,20,1,2,5,,
2,2,42,10,1981,1,6,3,2,1,0,6,1,11247,1,4,4,6,8,4,0,0,3,12,40,0,0,4,10,2,1,1,,
2,2,36,11,1987,1,6,2,3,1,1,1,1,11247,1,3,6,3,5,3,0,0,4,14,24,0,0,4,7,1,2,4,,
2,2,46,4,1978,1,6,3,2,1,3,1,1,11247,1,3,1,1,5,1,0,0,3,12,0,16340,0,1,7,1,2,2,,
28,2,35,6,1988,1,7,4,3,1,1,5,1,11247,1,4,2,3,9,3,0,0,4,16,22,13000,137.42072,2,15,1,2,7,,
28,2,24,5,1999,1,7,4,3,1,0,6,1,11247,1,2,4,4,3,3,0,0,4,16,30,7310,56.66667,1,5,1,2,4,,
28,2,24,4,2000,1,7,5,3,1,0,6,1,11247,1,4,4,7,9,5,0,0,4,17,54,0,0,1,16,1,2,6,,
7,2,50,3,1974,1,7,5,3,1,0,5,2,7468,1,4,2,1,9,1,0,0,4,17,0,14000,0,2,15,1,2,7,,
7,2,48,3,1976,1,7,4,3,1,1,6,2,7468,1,4,2,1,9,1,0,0,4,16,0,16000,0,2,15,1,2,7,,
7,2,42,3,1982,1,7,5,3,1,4,5,2,7468,1,3,6,3,5,3,0,0,4,17,24,3870,37.5,4,7,1,1,8,,
7,2,58,9,1965,1,7,3,3,2,1,5,2,7468,1,4,4,6,11,4,0,0,4,15,40,0,0,2,20,1,2,5,,
7,2,32,12,1991,1,7,4,3,2,1,1,2,7468,1,4,8,8,6,5,0,0,4,16,70,15000,49.83389,4,18,1,1,8,,
7,2,40,99,1984,1,7,4,3,1,0,6,2,7468,1,4,6,3,6,3,0,0,4,16,20,0,0,4,18,1,1,4,,
7,2,38,11,1985,1,7,5,3,1,3,6,2,7468,1,3,4,6,5,4,0,0,4,17,48,6000,29.06977,1,7,1,2,2,,
7,2,43,7,1980,1,7,5,3,1,1,2,2,7468,1,3,4,6,5,4,0,0,4,17,45,0,0,1,7,1,2,2,,
3,2,23,11,2000,1,7,1,3,2,0,1,2,7468,1,4,4,7,8,5,0,0,4,13,54,12900,55.55556,1,10,1,2,1,,
5,2,49,11,1974,1,6,3,2,1,2,6,1,11247,1,2,5,6,3,4,0,0,3,12,48,12008,58.17829,1,5,1,2,2,,
5,2,22,2,2002,1,7,4,3,2,0,6,1,11247,1,2,1,6,3,4,0,0,4,16,47,18400,91.04404,1,5,1,2,2,,
5,2,33,1,1991,1,7,5,3,1,2,1,1,11247,1,4,4,6,6,4,0,0,4,17,42,8600,47.61905,1,18,1,2,4,,
5,2,57,3,1967,1,6,3,2,1,0,1,1,11247,1,2,5,7,3,5,0,0,3,12,50,9890,46,1,5,1,2,2,,
5,2,34,9,1989,1,7,5,3,1,2,5,2,7468,1,3,5,1,5,1,0,0,4,17,0,9000,0,1,7,1,2,2,,
6,2,46,7,1977,1,6,3,2,1,3,5,2,7468,1,3,6,5,5,4,0,0,3,12,35,10000,66.44518,4,7,1,1,8,,
11,2,43,2,1981,1,7,4,3,1,5,1,2,7468,1,3,6,5,5,4,0,0,4,16,36,0,0,1,7,1,2,2,,
23,2,49,5,1974,1,7,5,3,1,1,5,2,7468,1,4,4,5,9,4,0,0,4,17,37,6000,37.71213,2,16,1,2,7,,
23,2,22,9,2001,1,7,5,3,1,0,5,2,7468,1,4,8,6,6,4,0,0,4,17,48,7200,34.88372,1,18,1,2,2,,
24,2,23,5,2000,1,7,5,3,1,0,6,2,7468,1,3,6,6,5,4,0,0,4,17,40,0,0,1,7,1,2,4,,
25,2,30,3,1994,1,7,5,3,1,0,1,2,7468,1,4,4,2,8,2,0,0,4,17,9,8600,222.22222,4,11,1,1,4,,
25,2,30,9,1993,1,7,5,3,1,2,5,2,7468,1,1,4,4,4,3,0,0,4,17,32,9890,71.875,1,4,1,2,2,,
25,2,35,3,1989,1,7,5,3,1,1,5,2,7468,1,4,1,6,11,4,0,0,4,17,40,12000,69.76744,3,20,2,2,5,,
25,2,23,12,2000,1,7,4,3,2,0,6,2,7468,1,1,1,6,4,4,0,0,4,16,48,8600,41.66667,4,4,1,1,4,,
25,2,25,6,1998,1,7,4,3,1,0,6,2,7468,1,4,2,6,9,4,0,0,4,16,40,0,0,1,15,2,2,6,,
26,2,30,7,1993,1,7,5,3,1,0,6,2,7468,1,4,4,6,7,4,0,0,4,17,48,0,0,1,8,1,2,2,,
26,2,26,5,1997,1,7,4,3,1,0,1,1,11247,1,4,4,6,8,4,0,0,4,16,40,0,0,1,10,1,2,1,,
26,2,25,8,1998,1,7,4,3,1,0,6,2,7468,1,3,6,6,5,4,0,0,4,16,45,0,0,1,7,1,2,2,,
28,2,23,10,2000,1,7,4,3,1,0,6,2,7468,1,4,4,4,11,3,0,0,4,16,30,0,0,2,20,1,2,5,,
30,2,38,10,1985,1,7,1,3,2,2,1,2,7468,1,4,8,3,10,3,0,0,4,13,24,6020,58.33333,4,19,1,1,8,,
30,2,67,6,1956,1,7,5,3,1,1,6,2,7468,1,4,1,4,9,3,0,0,4,17,30,0,0,4,16,1,2,4,,
32,2,30,6,1993,1,7,5,3,1,1,5,2,7468,1,3,6,6,5,4,0,0,4,17,45,8000,41.34367,1,7,1,2,2,,
11,2,56,3,1968,1,6,3,2,1,2,5,2,7468,1,4,2,2,9,2,0,0,3,12,4,430,25,4,15,1,1,8,,
14,2,30,2,1994,1,6,3,2,1,3,1,2,7468,1,2,5,6,3,4,0,0,3,12,48,7740,37.5,4,5,1,1,8,,
19,2,31,2,1993,1,7,5,3,1,0,6,2,7468,1,4,4,4,11,3,0,0,4,17,32,0,0,4,20,1,1,5,,
20,2,41,11,1982,1,6,3,2,1,0,6,2,7468,1,2,5,6,3,4,0,0,3,12,42,8600,47.61905,4,5,1,1,8,,
21,2,27,5,1996,1,7,5,3,1,0,6,2,7468,1,4,2,4,9,3,0,0,4,17,30,0,0,2,15,1,2,7,,
24,2,21,11,2002,1,7,2,3,2,0,6,2,7468,1,3,6,6,5,4,0,0,4,14,48,0,0,1,7,1,2,4,,
26,2,31,3,1993,1,7,5,3,1,0,6,1,11247,1,4,2,6,9,4,0,0,4,17,40,0,0,2,15,1,2,7,,
28,2,25,10,1998,1,7,4,3,1,1,1,1,11247,1,2,1,6,3,4,0,0,4,16,44,21500,113.63636,1,5,2,2,2,,
29,2,45,9,1978,1,7,5,3,1,3,5,2,7468,1,4,1,2,9,2,0,0,4,17,10,3000,69.76744,4,16,1,2,4,,
2,2,31,3,1993,1,7,5,3,1,2,5,1,11247,1,2,4,7,3,5,0,0,4,17,50,30100,140,1,5,1,2,2,,
3,2,24,8,1999,1,7,4,3,1,2,5,2,7468,1,4,4,6,7,4,0,0,4,16,48,7000,33.91473,1,8,1,2,2,,
5,2,40,5,1983,1,7,5,3,1,4,5,2,7468,1,4,2,3,9,3,0,0,4,17,20,24000,279.06977,2,15,1,2,7,,
5,2,59,12,1964,1,7,5,3,1,0,6,2,7468,1,4,1,6,9,4,0,0,4,17,40,20000,116.27907,2,15,1,2,7,,
8,2,30,6,1993,1,7,5,3,1,1,6,1,11247,1,4,1,6,9,4,0,0,4,17,40,14000,81.39535,2,16,1,2,7,,
12,2,69,11,1954,1,7,5,3,1,2,5,2,7468,1,4,4,6,11,4,0,0,4,17,40,0,0,2,20,1,2,5,,
17,2,55,7,1968,1,7,3,3,2,2,2,2,7468,1,3,6,6,5,4,0,0,4,15,40,6000,34.88372,1,7,1,2,2,,
18,2,25,9,1998,1,7,5,3,1,0,6,2,7468,1,4,1,7,9,5,0,0,4,17,56,0,0,4,16,1,2,4,,
18,2,32,12,1991,1,7,5,3,1,2,1,2,7468,1,4,2,4,9,3,0,0,4,17,27,0,0,1,15,1,2,6,,
18,2,51,10,1972,1,6,3,2,1,3,2,2,7468,1,4,8,2,10,2,0,0,3,12,11,17200,363.63636,4,19,1,1,8,,
19,2,23,2,2001,1,7,2,3,2,2,5,2,7468,1,4,8,4,10,3,0,0,4,14,30,8600,66.66667,4,19,1,1,8,,
19,2,46,3,1978,1,6,3,2,1,2,5,2,7468,1,2,5,6,3,4,0,0,3,12,40,9460,55,1,5,1,2,2,,
20,2,31,7,1992,1,7,5,3,1,1,2,2,7468,1,2,4,6,3,4,0,0,4,17,46,6800,34.37816,1,5,1,2,2,,
22,2,52,7,1971,1,6,3,2,1,2,1,2,7468,1,4,5,4,10,3,0,0,3,12,25,0,0,4,19,1,1,8,,
27,2,35,3,1989,1,7,3,3,1,1,6,2,7468,1,3,6,5,5,4,0,0,4,15,36,0,0,4,7,1,2,4,,
27,2,50,12,1973,1,7,4,3,1,0,5,2,7468,1,4,2,3,9,3,0,0,4,16,20,16000,186.04651,2,15,1,2,7,,
29,2,26,10,1997,1,7,5,3,1,0,6,2,7468,1,4,2,4,9,3,0,0,4,17,25,10750,100,4,15,2,1,8,,
30,2,44,12,1979,1,7,4,3,1,1,6,2,7468,1,3,6,6,5,4,0,0,4,16,48,0,0,1,6,1,2,2,,
31,2,20,7,2003,1,6,3,2,1,0,6,2,7468,1,2,5,7,3,5,0,0,3,12,50,4730,22,4,5,1,1,4,,
3,2,38,10,1985,1,7,4,3,1,0,6,2,7468,1,4,2,4,9,3,0,0,4,16,25,12000,111.62791,2,15,1,2,7,,
3,2,24,8,1999,1,7,5,3,1,0,5,2,7468,1,3,6,3,5,3,0,0,4,17,21,0,0,4,7,1,1,4,,
10,2,33,7,1990,1,7,5,3,1,1,6,2,7468,1,6,10,6,1,4,0,0,4,17,48,8600,41.66667,1,1,1,2,3,,
11,2,20,11,2003,1,7,1,3,2,0,6,2,7468,1,4,4,4,11,3,0,0,4,13,25,0,0,4,20,1,1,5,,
14,2,46,8,1977,1,7,4,3,1,3,5,2,7468,1,4,2,4,9,3,0,0,4,16,25,13000,120.93023,4,15,1,1,6,,
17,2,36,9,1987,1,7,4,3,1,2,1,2,7468,1,4,2,4,9,3,0,0,4,16,25,0,0,2,15,1,2,7,,
17,2,45,4,1979,1,6,3,2,1,0,6,2,7468,1,4,8,4,10,3,0,0,3,12,32,0,0,4,19,1,1,9,,
18,2,41,11,1982,1,7,1,3,2,2,4,2,7468,1,4,8,6,6,4,0,0,4,13,48,4000,19.37984,4,18,1,1,4,,
18,2,55,3,1969,1,6,2,2,1,3,5,2,7468,1,3,6,7,5,5,0,0,3,11,56,8600,35.71429,4,7,1,2,4,,
20,2,37,5,1987,1,7,5,3,1,1,6,2,7468,1,4,8,6,10,4,0,0,4,17,48,7740,37.5,4,19,1,1,9,,
27,2,33,1,1991,1,7,5,3,1,2,6,2,7468,1,4,2,6,9,4,0,0,4,17,40,10000,58.13953,2,15,1,2,7,,
29,2,49,8,1974,1,6,3,2,1,1,1,2,7468,1,4,4,3,11,3,0,0,3,12,24,6600,63.95349,4,20,1,1,5,,
29,2,38,9,1985,1,7,4,3,1,0,6,2,7468,1,4,1,8,11,5,0,0,4,16,60,0,0,1,20,1,2,5,,
31,2,43,8,1980,1,7,4,3,1,1,1,2,7468,1,4,5,9,6,6,0,0,4,16,0,10000,0,4,18,1,1,4,,
32,2,27,4,1997,1,7,3,3,2,0,6,2,7468,1,4,2,4,9,3,0,0,4,15,25,0,0,5,15,1,1,7,,
1,2,22,99,2002,1,7,2,3,2,0,6,2,7468,1,4,8,3,6,3,0,0,4,14,18,0,0,4,18,1,1,4,,
10,2,24,8,1999,1,7,5,3,1,0,6,2,7468,1,3,6,4,5,3,0,0,4,17,28,0,0,4,7,1,1,4,,
10,2,40,11,1983,1,7,5,3,1,1,1,2,7468,1,6,4,6,1,4,0,0,4,17,48,8600,41.66667,1,1,1,2,3,,
12,2,63,7,1960,1,5,3,2,1,3,5,2,7468,1,4,2,1,9,1,0,0,3,12,0,14000,0,2,15,1,2,7,,
16,2,59,9,1964,1,6,2,2,1,5,5,2,7468,1,4,4,6,9,4,0,0,3,11,40,12000,69.76744,4,16,1,1,7,,
16,2,31,3,1993,1,7,5,3,1,1,5,2,7468,1,3,6,3,5,3,0,0,4,17,20,0,0,4,7,1,1,8,,
17,2,43,10,1980,1,7,5,3,1,2,6,2,7468,1,4,1,6,9,4,0,0,4,17,40,16000,93.02326,1,16,1,2,7,,
30,2,47,12,1976,1,7,4,3,1,1,2,2,7468,1,4,4,6,11,4,0,0,4,16,40,16000,93.02326,1,20,1,2,5,,
30,2,58,9,1965,1,7,4,3,1,2,2,2,7468,1,4,2,4,9,3,0,0,4,16,25,12000,111.62791,1,15,1,2,7,,
32,2,32,11,1991,1,7,5,3,1,0,6,2,7468,1,4,9,5,11,4,0,0,4,17,36,0,0,1,20,1,2,5,,
1,2,65,5,1959,1,6,3,2,1,2,5,2,7468,1,3,6,8,5,5,0,0,3,12,60,8600,33.33333,4,7,1,1,8,,
1,2,32,11,1991,1,7,4,3,1,2,1,2,7468,1,4,1,6,8,4,0,0,4,16,48,12900,62.5,1,14,1,2,2,,
1,2,24,9,1999,1,7,5,3,1,0,6,2,7468,1,2,5,4,3,3,0,0,4,17,32,0,0,1,5,1,2,2,,
2,2,29,11,1994,1,7,5,3,1,0,6,1,11247,1,4,1,2,9,2,0,0,4,17,10,0,0,4,16,1,1,4,,
6,2,36,10,1987,1,7,4,3,1,1,6,2,7468,1,4,1,6,7,4,0,0,4,16,45,0,0,1,8,1,2,2,,
7,2,48,4,1976,1,7,4,3,1,2,2,2,7468,1,4,1,4,9,3,0,0,4,16,33,0,0,1,16,1,2,7,,
7,2,24,7,1999,1,7,4,3,1,0,6,2,7468,1,4,5,2,6,2,0,0,4,16,5,0,0,4,18,1,1,8,,
10,2,36,1,1988,1,7,5,3,1,1,6,2,7468,1,4,1,5,9,4,0,0,4,17,36,0,0,2,16,1,2,7,,
17,2,46,9,1977,1,7,5,3,1,2,5,2,7468,1,4,6,6,8,4,0,0,4,17,48,0,0,1,10,1,2,1,,
19,2,21,7,2002,1,6,2,2,2,1,2,2,7468,1,2,5,6,3,4,0,0,3,11,48,6950,33.67248,1,5,1,2,2,,
20,2,28,10,1995,1,7,7,3,1,1,1,2,7468,1,3,6,6,5,4,0,0,4,19,42,0,0,4,7,1,1,8,,
22,2,28,10,1995,1,7,4,3,1,0,6,2,7468,1,4,6,6,8,4,0,0,4,16,40,0,0,1,10,1,2,1,,
25,2,31,8,1992,1,7,3,3,2,0,5,2,7468,1,4,2,1,11,1,0,0,4,15,0,5500,0,4,20,1,1,5,,
29,2,22,10,2001,1,7,3,3,2,0,6,2,7468,1,3,6,8,5,5,0,0,4,15,70,0,0,4,7,1,1,8,,
29,2,44,6,1980,1,7,5,3,1,2,5,2,7468,1,4,2,6,9,4,0,0,4,17,40,9000,52.32558,4,15,1,1,7,,
31,2,22,1,2002,1,7,4,3,1,0,6,2,7468,1,4,1,4,9,3,0,0,4,16,28,900,7.47508,4,16,1,1,7,,